departure-date,locality,order-number
2018-10-03,Kyiv,0
2018-11-24,Odesa,1
2018-02-16,Kharkiv,2
2018-02-02,Kyiv,3
2018-10-09,Kyiv,4
2018-04-23,Kyiv,5
2018-05-26,Odesa,6
2018-05-26,Odesa,7
2018-02-08,Kharkiv,8
2018-04-30,Odesa,9
2018-04-10,Odesa,10
2018-01-12,Kharkiv,11
2018-08-24,Odesa,12
2018-07-21,Kyiv,13
2018-08-12,Kharkiv,14
2018-10-11,Kyiv,15
2018-09-17,Kharkiv,16
2018-08-23,Odesa,17
2018-03-15,Kharkiv,18
2018-11-26,Odesa,19
2018-09-12,Kharkiv,20
2018-09-11,Kyiv,21
2018-10-23,Odesa,22
2018-10-11,Odesa,23
2018-10-07,Kyiv,24
2018-03-13,Kharkiv,25
2018-05-04,Kharkiv,26
2018-09-13,Kharkiv,27
2018-12-13,Kharkiv,28
2018-05-12,Kharkiv,29
2018-10-21,Odesa,30
2018-07-29,Kharkiv,31
2018-04-22,Kharkiv,32
2018-05-16,Odesa,33
2018-07-03,Kharkiv,34
2018-05-18,Odesa,35
2018-10-28,Kharkiv,36
2018-11-24,Kyiv,37
2018-04-30,Odesa,38
2018-09-17,Odesa,39
2018-11-22,Kyiv,40
2018-10-08,Kharkiv,41
2018-08-20,Kyiv,42
2018-04-13,Kharkiv,43
2018-01-29,Odesa,44
2018-06-07,Kharkiv,45
2018-01-30,Kharkiv,46
2018-12-16,Kyiv,47
2018-11-30,Kyiv,48
2018-02-28,Kyiv,49
2018-04-17,Kyiv,50
2018-12-14,Kyiv,51
2018-11-03,Odesa,52
2018-07-18,Kyiv,53
2018-03-18,Kharkiv,54
2018-12-30,Kharkiv,55
2018-08-11,Kharkiv,56
2018-03-23,Kyiv,57
2018-03-24,Odesa,58
2018-12-01,Odesa,59
2018-04-10,Kharkiv,60
2018-09-27,Kharkiv,61
2018-02-16,Kyiv,62
2018-04-01,Odesa,63
2018-09-22,Kyiv,64
2018-08-02,Kyiv,65
2018-09-15,Kharkiv,66
2018-06-12,Kharkiv,67
2018-02-21,Kharkiv,68
2018-05-15,Kyiv,69
2018-10-03,Kyiv,70
2018-02-07,Kharkiv,71
2018-02-02,Kyiv,72
2018-10-15,Kyiv,73
2018-05-06,Kyiv,74
2018-04-12,Kyiv,75
2018-08-11,Kyiv,76
2018-03-11,Odesa,77
2018-10-16,Kharkiv,78
2018-09-04,Kharkiv,79
2018-11-13,Kyiv,80
2018-04-01,Kharkiv,81
2018-08-14,Kyiv,82
2018-04-03,Odesa,83
2018-10-31,Kharkiv,84
2018-01-09,Odesa,85
2018-04-03,Kharkiv,86
2018-12-26,Odesa,87
2018-04-02,Kharkiv,88
2018-05-16,Kyiv,89
2018-11-05,Odesa,90
2018-09-20,Kyiv,91
2018-06-21,Odesa,92
2018-02-12,Odesa,93
2018-03-28,Kyiv,94
2018-09-11,Odesa,95
2018-02-18,Kyiv,96
2018-05-05,Kharkiv,97
2018-10-05,Kharkiv,98
2018-12-23,Kyiv,99
2018-03-18,Kyiv,100
2018-02-22,Kharkiv,101
2018-08-08,Kyiv,102
2018-10-08,Odesa,103
2018-03-30,Odesa,104
2018-12-31,Odesa,105
2018-07-15,Kyiv,106
2018-12-03,Kyiv,107
2018-02-08,Kyiv,108
2018-04-20,Kyiv,109
2018-09-30,Kyiv,110
2018-12-27,Kyiv,111
2018-06-28,Odesa,112
2018-04-16,Odesa,113
2018-12-30,Kyiv,114
2018-04-29,Kyiv,115
2018-10-06,Odesa,116
2018-08-28,Kyiv,117
2018-09-29,Kharkiv,118
2018-04-21,Odesa,119
2018-05-20,Kyiv,120
2018-05-09,Kharkiv,121
2018-05-27,Odesa,122
2018-12-12,Kharkiv,123
2018-12-24,Odesa,124
2018-06-29,Odesa,125
2018-02-26,Kharkiv,126
2018-11-28,Kyiv,127
2018-02-21,Kyiv,128
2018-06-06,Kharkiv,129
2018-10-28,Kharkiv,130
2018-11-22,Kyiv,131
2018-09-16,Kharkiv,132
2018-11-30,Kharkiv,133
2018-11-18,Kyiv,134
2018-03-26,Odesa,135
2018-11-24,Odesa,136
2018-11-15,Kharkiv,137
2018-11-14,Kyiv,138
2018-05-04,Odesa,139
2018-04-02,Kharkiv,140
2018-03-05,Kyiv,141
2018-01-29,Odesa,142
2018-09-27,Odesa,143
2018-11-09,Odesa,144
2018-05-10,Kyiv,145
2018-01-27,Odesa,146
2018-08-31,Odesa,147
2018-10-23,Kharkiv,148
2018-03-13,Kharkiv,149
2018-01-03,Kyiv,150
2018-02-28,Kyiv,151
2018-03-02,Kyiv,152
2018-01-17,Odesa,153
2018-11-19,Kyiv,154
2018-11-02,Kharkiv,155
2018-09-18,Kyiv,156
2018-04-07,Odesa,157
2018-01-01,Odesa,158
2018-06-09,Odesa,159
2018-04-26,Kyiv,160
2018-01-04,Odesa,161
2018-01-22,Kyiv,162
2018-12-23,Kyiv,163
2018-03-30,Kyiv,164
2018-11-29,Odesa,165
2018-11-10,Kyiv,166
2018-05-08,Kyiv,167
2018-02-17,Kyiv,168
2018-09-24,Odesa,169
2018-08-03,Odesa,170
2018-12-09,Odesa,171
2018-01-22,Kharkiv,172
2018-01-04,Odesa,173
2018-06-27,Kyiv,174
2018-02-12,Kyiv,175
2018-10-31,Kharkiv,176
2018-06-16,Kyiv,177
2018-02-11,Kharkiv,178
2018-01-21,Kharkiv,179
2018-05-02,Odesa,180
2018-06-19,Kyiv,181
2018-06-22,Kharkiv,182
2018-06-03,Kyiv,183
2018-12-28,Kyiv,184
2018-05-19,Kyiv,185
2018-05-24,Odesa,186
2018-11-14,Odesa,187
2018-09-16,Kyiv,188
2018-04-03,Odesa,189
2018-07-01,Kyiv,190
2018-12-24,Kyiv,191
2018-12-23,Odesa,192
2018-11-20,Kharkiv,193
2018-04-23,Kharkiv,194
2018-08-25,Kyiv,195
2018-03-06,Kharkiv,196
2018-07-29,Kharkiv,197
2018-12-13,Kyiv,198
2018-11-23,Odesa,199
2018-03-19,Kharkiv,200
2018-06-08,Kyiv,201
2018-08-08,Odesa,202
2018-03-26,Kharkiv,203
2018-05-10,Kharkiv,204
2018-04-06,Odesa,205
2018-04-26,Kharkiv,206
2018-04-21,Odesa,207
2018-10-24,Kyiv,208
2018-05-03,Kyiv,209
2018-07-15,Kharkiv,210
2018-06-04,Kharkiv,211
2018-01-13,Odesa,212
2018-01-13,Odesa,213
2018-03-14,Odesa,214
2018-11-05,Odesa,215
2018-12-06,Kharkiv,216
2018-04-12,Kyiv,217
2018-10-26,Kyiv,218
2018-06-18,Odesa,219
2018-10-01,Odesa,220
2018-04-22,Odesa,221
2018-05-23,Kyiv,222
2018-07-12,Odesa,223
2018-10-30,Kharkiv,224
2018-04-04,Odesa,225
2018-12-17,Kyiv,226
2018-05-23,Kharkiv,227
2018-10-19,Kharkiv,228
2018-02-15,Kyiv,229
2018-10-04,Kyiv,230
2018-12-20,Kyiv,231
2018-01-30,Kharkiv,232
2018-06-17,Kharkiv,233
2018-10-14,Kyiv,234
2018-09-20,Kyiv,235
2018-10-18,Kyiv,236
2018-03-25,Kharkiv,237
2018-02-18,Odesa,238
2018-07-16,Kharkiv,239
2018-08-29,Kharkiv,240
2018-09-10,Kharkiv,241
2018-05-17,Odesa,242
2018-09-08,Kyiv,243
2018-12-11,Odesa,244
2018-11-04,Kyiv,245
2018-01-27,Odesa,246
2018-05-17,Odesa,247
2018-09-24,Kharkiv,248
2018-09-09,Kharkiv,249
2018-04-14,Kharkiv,250
2018-09-08,Odesa,251
2018-02-23,Odesa,252
2018-01-30,Kyiv,253
2018-12-27,Kharkiv,254
2018-12-20,Odesa,255
2018-11-14,Kharkiv,256
2018-11-14,Odesa,257
2018-03-06,Kyiv,258
2018-04-20,Odesa,259
2018-06-15,Kharkiv,260
2018-08-06,Kharkiv,261
2018-04-04,Kharkiv,262
2018-10-30,Kharkiv,263
2018-12-18,Kharkiv,264
2018-07-20,Odesa,265
2018-11-02,Kharkiv,266
2018-04-04,Kyiv,267
2018-11-04,Kharkiv,268
2018-07-24,Odesa,269
2018-08-05,Odesa,270
2018-12-30,Kyiv,271
2018-12-05,Kharkiv,272
2018-06-09,Kharkiv,273
2018-03-28,Kharkiv,274
2018-02-05,Kyiv,275
2018-12-02,Kyiv,276
2018-04-27,Odesa,277
2018-01-22,Kyiv,278
2018-05-14,Kyiv,279
2018-09-20,Odesa,280
2018-05-15,Kharkiv,281
2018-07-08,Kyiv,282
2018-12-20,Odesa,283
2018-01-21,Odesa,284
2018-04-14,Kyiv,285
2018-02-12,Kharkiv,286
2018-02-25,Kyiv,287
2018-03-23,Kyiv,288
2018-11-07,Odesa,289
2018-12-17,Odesa,290
2018-10-06,Odesa,291
2018-07-03,Kharkiv,292
2018-01-14,Kharkiv,293
2018-04-22,Kharkiv,294
2018-02-04,Kyiv,295
2018-01-07,Kyiv,296
2018-02-15,Kyiv,297
2018-01-25,Kyiv,298
2018-12-30,Kyiv,299
2019-08-29,Kryvyi Rih,300
2019-05-07,Zaporizhzhia,301
2019-06-24,Odesa,302
2019-10-14,Kyiv,303
2019-06-03,Mykolaiv,304
2019-08-09,Kryvyi Rih,305
2019-04-27,Dnipro,306
2019-01-14,Kharkiv,307
2019-09-22,Zaporizhzhia,308
2019-07-22,Donetsk,309
2019-04-24,Kharkiv,310
2019-01-05,Zaporizhzhia,311
2019-08-30,Kryvyi Rih,312
2019-08-10,Lviv,313
2019-05-12,Zaporizhzhia,314
2019-06-09,Kyiv,315
2019-07-04,Donetsk,316
2019-07-31,Mykolaiv,317
2019-10-27,Odesa,318
2019-04-25,Kyiv,319
2019-06-18,Zaporizhzhia,320
2019-08-02,Kyiv,321
2019-12-22,Zaporizhzhia,322
2019-02-25,Donetsk,323
2019-05-24,Odesa,324
2019-10-30,Odesa,325
2019-05-13,Dnipro,326
2019-06-30,Donetsk,327
2019-05-22,Donetsk,328
2019-06-30,Kyiv,329
2019-12-06,Mykolaiv,330
2019-09-10,Dnipro,331
2019-06-17,Mykolaiv,332
2019-06-09,Kyiv,333
2019-06-16,Dnipro,334
2019-06-28,Kyiv,335
2019-09-07,Odesa,336
2019-10-13,Kyiv,337
2019-08-27,Mykolaiv,338
2019-03-03,Dnipro,339
2019-12-15,Mykolaiv,340
2019-02-06,Mykolaiv,341
2019-06-10,Odesa,342
2019-01-04,Donetsk,343
2019-11-29,Zaporizhzhia,344
2019-08-03,Kyiv,345
2019-02-06,Kharkiv,346
2019-07-27,Mykolaiv,347
2019-06-28,Dnipro,348
2019-01-30,Odesa,349
2019-09-26,Kryvyi Rih,350
2019-08-21,Donetsk,351
2019-05-18,Dnipro,352
2019-05-31,Zaporizhzhia,353
2019-05-01,Odesa,354
2019-10-31,Dnipro,355
2019-12-24,Odesa,356
2019-02-25,Kyiv,357
2019-04-04,Zaporizhzhia,358
2019-12-04,Kyiv,359
2019-08-27,Donetsk,360
2019-08-15,Donetsk,361
2019-05-12,Zaporizhzhia,362
2019-03-11,Kryvyi Rih,363
2019-07-25,Lviv,364
2019-08-05,Kryvyi Rih,365
2019-02-10,Donetsk,366
2019-03-10,Odesa,367
2019-01-01,Dnipro,368
2019-09-21,Dnipro,369
2019-03-07,Zaporizhzhia,370
2019-07-08,Zaporizhzhia,371
2019-07-06,Lviv,372
2019-05-06,Kryvyi Rih,373
2019-10-13,Kharkiv,374
2019-11-28,Lviv,375
2019-01-22,Zaporizhzhia,376
2019-01-02,Donetsk,377
2019-01-11,Kyiv,378
2019-08-24,Mykolaiv,379
2019-04-11,Zaporizhzhia,380
2019-10-13,Odesa,381
2019-08-24,Kyiv,382
2019-01-01,Donetsk,383
2019-07-27,Dnipro,384
2019-12-13,Dnipro,385
2019-07-07,Odesa,386
2019-04-05,Kharkiv,387
2019-12-13,Dnipro,388
2019-12-04,Kyiv,389
2019-08-07,Zaporizhzhia,390
2019-06-18,Odesa,391
2019-03-31,Lviv,392
2019-04-13,Kryvyi Rih,393
2019-07-22,Dnipro,394
2019-11-04,Donetsk,395
2019-06-26,Odesa,396
2019-08-27,Odesa,397
2019-07-24,Donetsk,398
2019-11-08,Donetsk,399
2019-02-05,Kyiv,400
2019-09-01,Donetsk,401
2019-11-17,Zaporizhzhia,402
2019-08-24,Zaporizhzhia,403
2019-02-10,Zaporizhzhia,404
2019-01-01,Kyiv,405
2019-08-03,Donetsk,406
2019-04-01,Zaporizhzhia,407
2019-08-29,Lviv,408
2019-07-09,Odesa,409
2019-11-03,Kyiv,410
2019-03-31,Dnipro,411
2019-08-02,Lviv,412
2019-08-10,Kharkiv,413
2019-08-29,Zaporizhzhia,414
2019-08-03,Dnipro,415
2019-11-16,Odesa,416
2019-08-23,Dnipro,417
2019-04-16,Kryvyi Rih,418
2019-03-17,Mykolaiv,419
2019-07-08,Odesa,420
2019-11-27,Mykolaiv,421
2019-04-18,Donetsk,422
2019-12-13,Lviv,423
2019-02-11,Kyiv,424
2019-09-29,Mykolaiv,425
2019-07-20,Dnipro,426
2019-11-18,Kryvyi Rih,427
2019-12-05,Dnipro,428
2019-05-05,Odesa,429
2019-10-15,Lviv,430
2019-07-01,Kyiv,431
2019-03-11,Zaporizhzhia,432
2019-04-03,Dnipro,433
2019-09-08,Zaporizhzhia,434
2019-06-18,Donetsk,435
2019-10-16,Zaporizhzhia,436
2019-09-06,Zaporizhzhia,437
2019-06-10,Donetsk,438
2019-12-11,Mykolaiv,439
2019-08-24,Mykolaiv,440
2019-06-02,Kyiv,441
2019-07-22,Kyiv,442
2019-04-27,Zaporizhzhia,443
2019-12-23,Donetsk,444
2019-08-01,Donetsk,445
2019-08-15,Zaporizhzhia,446
2019-10-05,Lviv,447
2019-11-06,Donetsk,448
2019-03-13,Kyiv,449
2019-02-13,Kryvyi Rih,450
2019-09-15,Mykolaiv,451
2019-06-25,Donetsk,452
2019-02-09,Odesa,453
2019-03-22,Kryvyi Rih,454
2019-01-22,Odesa,455
2019-11-03,Kyiv,456
2019-04-26,Kharkiv,457
2019-12-21,Dnipro,458
2019-01-15,Zaporizhzhia,459
2019-02-23,Dnipro,460
2019-10-04,Odesa,461
2019-01-05,Zaporizhzhia,462
2019-10-19,Kyiv,463
2019-12-25,Lviv,464
2019-11-10,Kyiv,465
2019-05-11,Zaporizhzhia,466
2019-10-11,Kyiv,467
2019-02-08,Kryvyi Rih,468
2019-12-19,Kyiv,469
2019-10-03,Odesa,470
2019-11-20,Donetsk,471
2019-11-28,Lviv,472
2019-08-17,Zaporizhzhia,473
2019-06-25,Mykolaiv,474
2019-11-30,Mykolaiv,475
2019-12-30,Mykolaiv,476
2019-11-18,Kryvyi Rih,477
2019-12-18,Odesa,478
2019-01-22,Zaporizhzhia,479
2019-10-25,Lviv,480
2019-12-22,Donetsk,481
2019-05-02,Kryvyi Rih,482
2019-06-15,Donetsk,483
2019-08-05,Lviv,484
2019-09-11,Lviv,485
2019-10-14,Kyiv,486
2019-06-22,Donetsk,487
2019-07-01,Mykolaiv,488
2019-08-28,Dnipro,489
2019-08-13,Odesa,490
2019-07-14,Kryvyi Rih,491
2019-10-11,Kryvyi Rih,492
2019-07-12,Lviv,493
2019-02-01,Kryvyi Rih,494
2019-03-03,Zaporizhzhia,495
2019-10-08,Kyiv,496
2019-01-18,Mykolaiv,497
2019-09-02,Mykolaiv,498
2019-09-28,Dnipro,499
2019-10-31,Kharkiv,500
2019-09-29,Kharkiv,501
2019-08-11,Kharkiv,502
2019-04-19,Kharkiv,503
2019-04-10,Lviv,504
2019-03-11,Lviv,505
2019-07-01,Dnipro,506
2019-08-29,Donetsk,507
2019-11-26,Odesa,508
2019-12-08,Kharkiv,509
2019-12-26,Dnipro,510
2019-05-20,Kryvyi Rih,511
2019-09-19,Dnipro,512
2019-04-05,Zaporizhzhia,513
2019-01-30,Odesa,514
2019-10-08,Odesa,515
2019-03-19,Zaporizhzhia,516
2019-10-31,Kyiv,517
2019-05-15,Donetsk,518
2019-07-16,Kryvyi Rih,519
2019-05-15,Dnipro,520
2019-04-22,Kharkiv,521
2019-06-18,Kryvyi Rih,522
2019-12-22,Donetsk,523
2019-10-12,Kryvyi Rih,524
2019-11-14,Kyiv,525
2019-01-07,Lviv,526
2019-01-31,Zaporizhzhia,527
2019-04-10,Kryvyi Rih,528
2019-11-22,Donetsk,529
2019-12-07,Lviv,530
2019-03-10,Donetsk,531
2019-05-06,Odesa,532
2019-09-13,Odesa,533
2019-05-31,Dnipro,534
2019-11-25,Kyiv,535
2019-06-09,Odesa,536
2019-10-12,Kharkiv,537
2019-01-06,Lviv,538
2019-12-11,Odesa,539
2019-08-14,Zaporizhzhia,540
2019-02-28,Mykolaiv,541
2019-02-08,Odesa,542
2019-09-29,Kryvyi Rih,543
2019-12-14,Zaporizhzhia,544
2019-04-05,Zaporizhzhia,545
2019-09-08,Mykolaiv,546
2019-01-13,Odesa,547
2019-03-30,Kryvyi Rih,548
2019-05-24,Zaporizhzhia,549
2019-10-30,Zaporizhzhia,550
2019-10-06,Kryvyi Rih,551
2019-02-01,Zaporizhzhia,552
2019-03-30,Kryvyi Rih,553
2019-11-22,Zaporizhzhia,554
2019-02-25,Mykolaiv,555
2019-02-18,Lviv,556
2019-09-23,Mykolaiv,557
2019-11-17,Odesa,558
2019-03-27,Kryvyi Rih,559
2019-04-27,Zaporizhzhia,560
2019-10-29,Dnipro,561
2019-07-01,Zaporizhzhia,562
2019-12-24,Dnipro,563
2019-10-03,Dnipro,564
2019-04-16,Mykolaiv,565
2019-04-17,Kryvyi Rih,566
2019-04-03,Dnipro,567
2019-09-20,Kyiv,568
2019-02-01,Odesa,569
2019-09-25,Dnipro,570
2019-06-26,Lviv,571
2019-01-18,Mykolaiv,572
2019-07-14,Lviv,573
2019-09-16,Lviv,574
2019-03-31,Lviv,575
2019-08-11,Zaporizhzhia,576
2019-02-20,Dnipro,577
2019-05-30,Dnipro,578
2019-02-09,Donetsk,579
2019-08-20,Dnipro,580
2019-12-01,Mykolaiv,581
2019-08-06,Zaporizhzhia,582
2019-07-02,Zaporizhzhia,583
2019-05-18,Donetsk,584
2019-02-09,Kyiv,585
2019-01-21,Donetsk,586
2019-03-22,Lviv,587
2019-09-28,Dnipro,588
2019-04-03,Kryvyi Rih,589
2019-09-13,Odesa,590
2019-08-22,Mykolaiv,591
2019-11-13,Zaporizhzhia,592
2019-01-03,Dnipro,593
2019-07-26,Odesa,594
2019-06-01,Kyiv,595
2019-02-15,Odesa,596
2019-05-04,Mykolaiv,597
2019-11-21,Zaporizhzhia,598
2019-08-30,Zaporizhzhia,599
2019-08-18,Donetsk,600
2019-11-18,Donetsk,601
2019-05-12,Zaporizhzhia,602
2019-10-20,Lviv,603
2019-04-29,Donetsk,604
2019-09-26,Odesa,605
2019-11-04,Kharkiv,606
2019-06-24,Mykolaiv,607
2019-10-14,Odesa,608
2019-06-12,Mykolaiv,609
2019-06-08,Dnipro,610
2019-01-29,Kryvyi Rih,611
2019-04-11,Kryvyi Rih,612
2019-07-11,Dnipro,613
2019-10-31,Donetsk,614
2019-05-12,Kharkiv,615
2019-07-14,Mykolaiv,616
2019-03-08,Dnipro,617
2019-11-13,Kharkiv,618
2019-10-18,Odesa,619
2019-11-06,Lviv,620
2019-11-07,Donetsk,621
2019-02-13,Kharkiv,622
2019-06-09,Kharkiv,623
2019-01-24,Mykolaiv,624
2019-07-15,Kyiv,625
2019-11-03,Donetsk,626
2019-10-02,Kharkiv,627
2019-12-23,Mykolaiv,628
2019-11-16,Donetsk,629
2019-10-04,Kryvyi Rih,630
2019-10-31,Donetsk,631
2019-06-23,Dnipro,632
2019-12-22,Odesa,633
2019-04-13,Kyiv,634
2019-05-19,Odesa,635
2019-11-23,Kharkiv,636
2019-03-02,Zaporizhzhia,637
2019-11-06,Kharkiv,638
2019-11-10,Lviv,639
2019-12-18,Lviv,640
2019-09-15,Donetsk,641
2019-09-05,Dnipro,642
2019-11-24,Kyiv,643
2019-01-08,Kyiv,644
2019-04-25,Donetsk,645
2019-10-08,Kharkiv,646
2019-07-26,Odesa,647
2019-01-05,Donetsk,648
2019-09-07,Kharkiv,649
2019-09-11,Odesa,650
2019-02-02,Kryvyi Rih,651
2019-01-12,Lviv,652
2019-01-12,Kyiv,653
2019-01-27,Lviv,654
2019-07-30,Zaporizhzhia,655
2019-12-14,Lviv,656
2019-05-08,Kharkiv,657
2019-07-01,Dnipro,658
2019-03-05,Kyiv,659
2019-09-16,Mykolaiv,660
2019-03-25,Dnipro,661
2019-03-06,Odesa,662
2019-09-30,Kryvyi Rih,663
2019-09-25,Dnipro,664
2019-12-19,Lviv,665
2019-07-19,Odesa,666
2019-07-13,Lviv,667
2019-11-05,Kyiv,668
2019-02-22,Lviv,669
2019-02-05,Kharkiv,670
2019-11-21,Kharkiv,671
2019-10-27,Donetsk,672
2019-06-26,Zaporizhzhia,673
2019-04-18,Dnipro,674
2019-08-24,Donetsk,675
2019-02-23,Mykolaiv,676
2019-12-27,Zaporizhzhia,677
2019-03-30,Kryvyi Rih,678
2019-03-27,Zaporizhzhia,679
2019-08-15,Odesa,680
2019-12-15,Dnipro,681
2019-08-25,Dnipro,682
2019-11-11,Kharkiv,683
2019-10-26,Kryvyi Rih,684
2019-11-26,Lviv,685
2019-04-11,Lviv,686
2019-08-13,Donetsk,687
2019-02-02,Donetsk,688
2019-06-16,Kharkiv,689
2019-09-20,Donetsk,690
2019-03-28,Odesa,691
2019-11-27,Odesa,692
2019-04-08,Dnipro,693
2019-07-17,Lviv,694
2019-07-06,Dnipro,695
2019-04-27,Zaporizhzhia,696
2019-11-16,Dnipro,697
2019-03-15,Donetsk,698
2019-09-27,Dnipro,699
2019-11-28,Odesa,700
2019-10-13,Dnipro,701
2019-12-09,Dnipro,702
2019-04-01,Dnipro,703
2019-09-23,Odesa,704
2019-10-13,Donetsk,705
2019-07-02,Odesa,706
2019-02-27,Zaporizhzhia,707
2019-12-14,Odesa,708
2019-07-05,Mykolaiv,709
2019-08-09,Zaporizhzhia,710
2019-03-04,Kryvyi Rih,711
2019-03-09,Mykolaiv,712
2019-02-23,Kryvyi Rih,713
2019-11-25,Zaporizhzhia,714
2019-05-11,Zaporizhzhia,715
2019-02-27,Odesa,716
2019-05-30,Donetsk,717
2019-04-15,Zaporizhzhia,718
2019-07-11,Dnipro,719
2019-12-22,Mykolaiv,720
2019-04-04,Odesa,721
2019-07-30,Kharkiv,722
2019-03-15,Donetsk,723
2019-01-29,Zaporizhzhia,724
2019-06-11,Zaporizhzhia,725
2019-04-27,Mykolaiv,726
2019-06-10,Zaporizhzhia,727
2019-02-03,Kyiv,728
2019-04-20,Kharkiv,729
2019-11-08,Kyiv,730
2019-11-10,Zaporizhzhia,731
2019-01-05,Lviv,732
2019-12-25,Mykolaiv,733
2019-04-25,Mykolaiv,734
2019-09-11,Kharkiv,735
2019-06-13,Zaporizhzhia,736
2019-06-08,Dnipro,737
2019-07-15,Kyiv,738
2019-04-22,Kryvyi Rih,739
2019-12-27,Kryvyi Rih,740
2019-02-21,Zaporizhzhia,741
2019-08-20,Kharkiv,742
2019-01-01,Zaporizhzhia,743
2019-06-30,Kyiv,744
2019-02-19,Kryvyi Rih,745
2019-11-05,Dnipro,746
2019-07-16,Odesa,747
2019-02-10,Kharkiv,748
2019-12-17,Dnipro,749
2019-03-09,Kharkiv,750
2019-08-23,Mykolaiv,751
2019-12-17,Kryvyi Rih,752
2019-09-18,Zaporizhzhia,753
2019-02-25,Mykolaiv,754
2019-01-24,Dnipro,755
2019-11-05,Kryvyi Rih,756
2019-03-13,Mykolaiv,757
2019-01-13,Kharkiv,758
2019-12-05,Kryvyi Rih,759
2019-08-11,Kharkiv,760
2019-06-05,Odesa,761
2019-05-19,Kryvyi Rih,762
2019-06-27,Dnipro,763
2019-02-24,Lviv,764
2019-10-30,Dnipro,765
2019-03-09,Lviv,766
2019-05-12,Kyiv,767
2019-11-30,Lviv,768
2019-08-13,Odesa,769
2019-06-14,Kryvyi Rih,770
2019-06-27,Mykolaiv,771
2019-07-11,Dnipro,772
2019-10-28,Kyiv,773
2019-07-17,Kharkiv,774
2019-09-23,Mykolaiv,775
2019-07-06,Dnipro,776
2019-08-18,Mykolaiv,777
2019-11-28,Kyiv,778
2019-07-21,Mykolaiv,779
2019-01-16,Odesa,780
2019-08-20,Mykolaiv,781
2019-03-12,Mykolaiv,782
2019-03-21,Mykolaiv,783
2019-03-12,Dnipro,784
2019-03-28,Odesa,785
2019-10-09,Zaporizhzhia,786
2019-05-14,Donetsk,787
2019-09-04,Mykolaiv,788
2019-05-26,Mykolaiv,789
2019-08-09,Odesa,790
2019-07-02,Kyiv,791
2019-04-22,Donetsk,792
2019-06-18,Donetsk,793
2019-01-26,Kyiv,794
2019-08-05,Lviv,795
2019-11-27,Kharkiv,796
2019-12-16,Lviv,797
2019-04-20,Kryvyi Rih,798
2019-02-16,Zaporizhzhia,799
2019-02-04,Mykolaiv,800
2019-01-11,Zaporizhzhia,801
2019-02-20,Zaporizhzhia,802
2019-04-06,Zaporizhzhia,803
2019-04-11,Donetsk,804
2019-02-04,Kryvyi Rih,805
2019-07-12,Kyiv,806
2019-04-02,Kryvyi Rih,807
2019-10-20,Zaporizhzhia,808
2019-05-07,Zaporizhzhia,809
2019-08-05,Dnipro,810
2019-06-18,Zaporizhzhia,811
2019-11-01,Odesa,812
2019-09-16,Odesa,813
2019-10-12,Lviv,814
2019-06-05,Zaporizhzhia,815
2019-08-05,Kyiv,816
2019-08-23,Dnipro,817
2019-02-27,Dnipro,818
2019-04-22,Kharkiv,819
2019-10-05,Kryvyi Rih,820
2019-02-22,Kyiv,821
2019-01-04,Kryvyi Rih,822
2019-07-07,Lviv,823
2019-07-07,Dnipro,824
2019-08-02,Dnipro,825
2019-04-13,Zaporizhzhia,826
2019-04-19,Dnipro,827
2019-01-18,Odesa,828
2019-05-21,Kyiv,829
2019-08-14,Donetsk,830
2019-05-02,Donetsk,831
2019-08-15,Zaporizhzhia,832
2019-10-23,Mykolaiv,833
2019-11-21,Zaporizhzhia,834
2019-02-04,Mykolaiv,835
2019-05-15,Kharkiv,836
2019-10-22,Odesa,837
2019-08-04,Kyiv,838
2019-01-12,Zaporizhzhia,839
2019-01-28,Kharkiv,840
2019-04-24,Mykolaiv,841
2019-09-09,Odesa,842
2019-05-02,Dnipro,843
2019-12-09,Kyiv,844
2019-07-03,Kharkiv,845
2019-07-31,Kryvyi Rih,846
2019-02-27,Kryvyi Rih,847
2019-04-10,Kyiv,848
2019-03-26,Kharkiv,849
2019-08-28,Donetsk,850
2019-07-16,Zaporizhzhia,851
2019-03-24,Mykolaiv,852
2019-04-13,Kryvyi Rih,853
2019-11-03,Kyiv,854
2019-01-07,Kryvyi Rih,855
2019-03-04,Kharkiv,856
2019-10-24,Mykolaiv,857
2019-07-19,Dnipro,858
2019-12-23,Dnipro,859
2019-06-27,Donetsk,860
2019-02-23,Kharkiv,861
2019-11-25,Mykolaiv,862
2019-06-03,Kyiv,863
2019-09-03,Kharkiv,864
2019-05-10,Kryvyi Rih,865
2019-01-29,Kyiv,866
2019-12-26,Kryvyi Rih,867
2019-07-07,Zaporizhzhia,868
2019-12-20,Odesa,869
2019-10-15,Donetsk,870
2019-05-08,Zaporizhzhia,871
2019-10-11,Zaporizhzhia,872
2019-02-27,Mykolaiv,873
2019-08-19,Kyiv,874
2019-04-16,Kyiv,875
2019-05-05,Donetsk,876
2019-06-14,Kyiv,877
2019-03-13,Dnipro,878
2019-02-10,Kyiv,879
2019-05-22,Lviv,880
2019-05-26,Mykolaiv,881
2019-01-23,Mykolaiv,882
2019-12-05,Zaporizhzhia,883
2019-01-21,Odesa,884
2019-02-26,Zaporizhzhia,885
2019-04-10,Kryvyi Rih,886
2019-12-24,Mykolaiv,887
2019-08-11,Zaporizhzhia,888
2019-02-08,Odesa,889
2019-12-27,Odesa,890
2019-11-23,Odesa,891
2019-02-28,Odesa,892
2019-04-27,Zaporizhzhia,893
2019-07-17,Zaporizhzhia,894
2019-05-28,Lviv,895
2019-11-05,Mykolaiv,896
2019-06-22,Kharkiv,897
2019-01-26,Kharkiv,898
2019-01-29,Kharkiv,899
2019-12-31,Kharkiv,900
2019-02-03,Donetsk,901
2019-05-20,Kryvyi Rih,902
2019-10-10,Kryvyi Rih,903
2019-01-07,Donetsk,904
2019-02-04,Dnipro,905
2019-03-17,Kyiv,906
2019-10-19,Odesa,907
2019-06-02,Odesa,908
2019-08-23,Dnipro,909
2019-09-05,Odesa,910
2019-01-24,Kryvyi Rih,911
2019-03-16,Kharkiv,912
2019-10-05,Kyiv,913
2019-01-19,Mykolaiv,914
2019-05-13,Dnipro,915
2019-06-27,Kharkiv,916
2019-12-20,Kyiv,917
2019-04-07,Dnipro,918
2019-03-30,Donetsk,919
2019-10-10,Zaporizhzhia,920
2019-01-16,Dnipro,921
2019-12-15,Lviv,922
2019-10-14,Odesa,923
2019-10-18,Lviv,924
2019-06-16,Zaporizhzhia,925
2019-05-30,Mykolaiv,926
2019-05-19,Odesa,927
2019-04-17,Zaporizhzhia,928
2019-12-24,Kharkiv,929
2019-05-24,Odesa,930
2019-12-12,Kharkiv,931
2019-10-02,Odesa,932
2019-04-12,Donetsk,933
2019-11-23,Odesa,934
2019-07-13,Lviv,935
2019-01-03,Kryvyi Rih,936
2019-05-26,Odesa,937
2019-09-24,Zaporizhzhia,938
2019-02-21,Kharkiv,939
2019-12-20,Odesa,940
2019-12-23,Zaporizhzhia,941
2019-01-07,Kharkiv,942
2019-03-02,Kyiv,943
2019-05-07,Odesa,944
2019-11-17,Kharkiv,945
2019-03-17,Lviv,946
2019-11-15,Zaporizhzhia,947
2019-03-19,Mykolaiv,948
2019-07-12,Donetsk,949
2019-08-31,Donetsk,950
2019-01-28,Kryvyi Rih,951
2019-10-22,Odesa,952
2019-08-15,Odesa,953
2019-11-12,Mykolaiv,954
2019-10-24,Lviv,955
2019-08-22,Kyiv,956
2019-05-13,Lviv,957
2019-06-07,Dnipro,958
2019-10-04,Kyiv,959
2019-05-11,Kyiv,960
2019-02-26,Kryvyi Rih,961
2019-01-24,Kharkiv,962
2019-01-14,Kyiv,963
2019-01-26,Donetsk,964
2019-12-06,Kryvyi Rih,965
2019-07-29,Donetsk,966
2019-09-26,Zaporizhzhia,967
2019-11-21,Kharkiv,968
2019-02-22,Kryvyi Rih,969
2019-10-11,Zaporizhzhia,970
2019-02-15,Kyiv,971
2019-02-04,Donetsk,972
2019-03-17,Lviv,973
2019-09-01,Lviv,974
2019-11-10,Lviv,975
2019-07-18,Kharkiv,976
2019-08-05,Kryvyi Rih,977
2019-04-02,Kyiv,978
2019-09-05,Odesa,979
2019-12-03,Kyiv,980
2019-04-23,Kyiv,981
2019-11-24,Donetsk,982
2019-09-14,Odesa,983
2019-06-13,Dnipro,984
2019-10-03,Odesa,985
2019-03-18,Kharkiv,986
2019-02-11,Zaporizhzhia,987
2019-07-27,Zaporizhzhia,988
2019-01-15,Kryvyi Rih,989
2019-01-14,Dnipro,990
2019-10-08,Donetsk,991
2019-09-05,Odesa,992
2019-08-20,Kryvyi Rih,993
2019-02-10,Kharkiv,994
2019-11-01,Kharkiv,995
2019-08-02,Kyiv,996
2019-04-17,Kyiv,997
2019-05-15,Dnipro,998
2019-11-10,Donetsk,999
2019-12-05,Donetsk,1000
2019-07-28,Donetsk,1001
2019-08-19,Kryvyi Rih,1002
2019-07-20,Zaporizhzhia,1003
2019-07-19,Kryvyi Rih,1004
2019-04-01,Odesa,1005
2019-08-04,Lviv,1006
2019-07-22,Dnipro,1007
2019-10-05,Kharkiv,1008
2019-07-29,Zaporizhzhia,1009
2019-12-31,Dnipro,1010
2019-09-06,Dnipro,1011
2019-06-13,Lviv,1012
2019-07-17,Lviv,1013
2019-09-26,Dnipro,1014
2019-12-11,Kyiv,1015
2019-10-03,Lviv,1016
2019-11-11,Kharkiv,1017
2019-09-24,Donetsk,1018
2019-04-03,Odesa,1019
2019-02-18,Zaporizhzhia,1020
2019-07-31,Kryvyi Rih,1021
2019-01-31,Odesa,1022
2019-11-19,Lviv,1023
2019-03-10,Odesa,1024
2019-01-03,Dnipro,1025
2019-05-01,Kyiv,1026
2019-02-21,Donetsk,1027
2019-04-05,Kharkiv,1028
2019-08-03,Kryvyi Rih,1029
2019-12-27,Kyiv,1030
2019-05-02,Kyiv,1031
2019-01-18,Kyiv,1032
2019-06-13,Kyiv,1033
2019-09-10,Kyiv,1034
2019-04-04,Kryvyi Rih,1035
2019-06-22,Dnipro,1036
2019-05-16,Odesa,1037
2019-11-08,Lviv,1038
2019-11-09,Dnipro,1039
2019-02-16,Zaporizhzhia,1040
2019-12-11,Kryvyi Rih,1041
2019-01-04,Dnipro,1042
2019-09-03,Kharkiv,1043
2019-08-28,Lviv,1044
2019-06-25,Donetsk,1045
2019-06-04,Donetsk,1046
2019-10-22,Kharkiv,1047
2019-04-15,Dnipro,1048
2019-01-19,Mykolaiv,1049
2019-01-29,Lviv,1050
2019-08-11,Donetsk,1051
2019-07-27,Kharkiv,1052
2019-02-28,Lviv,1053
2019-09-25,Dnipro,1054
2019-08-30,Lviv,1055
2019-06-25,Mykolaiv,1056
2019-11-23,Kryvyi Rih,1057
2019-06-27,Donetsk,1058
2019-02-28,Kryvyi Rih,1059
2019-05-13,Kryvyi Rih,1060
2019-08-11,Mykolaiv,1061
2019-06-08,Odesa,1062
2019-05-21,Lviv,1063
2019-08-10,Lviv,1064
2019-10-29,Mykolaiv,1065
2019-03-13,Mykolaiv,1066
2019-08-15,Zaporizhzhia,1067
2019-07-02,Kryvyi Rih,1068
2019-07-10,Odesa,1069
2019-09-22,Lviv,1070
2019-12-19,Odesa,1071
2019-05-16,Odesa,1072
2019-01-04,Mykolaiv,1073
2019-09-29,Mykolaiv,1074
2019-05-03,Lviv,1075
2019-07-18,Zaporizhzhia,1076
2019-10-03,Odesa,1077
2019-09-08,Dnipro,1078
2019-08-29,Donetsk,1079
2019-03-10,Mykolaiv,1080
2019-07-06,Odesa,1081
2019-12-05,Donetsk,1082
2019-09-01,Dnipro,1083
2019-03-19,Zaporizhzhia,1084
2019-06-30,Mykolaiv,1085
2019-07-11,Zaporizhzhia,1086
2019-01-08,Dnipro,1087
2019-02-23,Donetsk,1088
2019-03-16,Mykolaiv,1089
2019-10-02,Mykolaiv,1090
2019-06-06,Zaporizhzhia,1091
2019-07-03,Odesa,1092
2019-11-20,Dnipro,1093
2019-03-20,Dnipro,1094
2019-04-27,Dnipro,1095
2019-03-03,Donetsk,1096
2019-04-14,Odesa,1097
2019-12-31,Dnipro,1098
2019-06-28,Kryvyi Rih,1099
2019-10-09,Dnipro,1100
2019-07-23,Donetsk,1101
2019-03-23,Kyiv,1102
2019-06-26,Kyiv,1103
2019-05-03,Donetsk,1104
2019-05-14,Kryvyi Rih,1105
2019-06-30,Kharkiv,1106
2019-11-08,Dnipro,1107
2019-11-16,Mykolaiv,1108
2019-11-30,Mykolaiv,1109
2019-03-15,Kyiv,1110
2019-04-18,Kryvyi Rih,1111
2019-06-26,Odesa,1112
2019-09-20,Kyiv,1113
2019-03-30,Zaporizhzhia,1114
2019-12-28,Mykolaiv,1115
2019-02-19,Odesa,1116
2019-06-05,Mykolaiv,1117
2019-03-30,Zaporizhzhia,1118
2019-01-14,Zaporizhzhia,1119
2019-05-03,Lviv,1120
2019-12-09,Donetsk,1121
2019-09-22,Donetsk,1122
2019-03-13,Kharkiv,1123
2019-06-29,Kyiv,1124
2019-06-07,Kryvyi Rih,1125
2019-02-15,Donetsk,1126
2019-05-26,Zaporizhzhia,1127
2019-07-06,Dnipro,1128
2019-04-14,Dnipro,1129
2019-08-11,Kyiv,1130
2019-09-16,Mykolaiv,1131
2019-04-30,Zaporizhzhia,1132
2019-09-06,Dnipro,1133
2019-03-09,Mykolaiv,1134
2019-10-09,Kryvyi Rih,1135
2019-03-02,Kryvyi Rih,1136
2019-06-15,Mykolaiv,1137
2019-09-30,Odesa,1138
2019-09-16,Zaporizhzhia,1139
2019-04-20,Odesa,1140
2019-03-29,Kryvyi Rih,1141
2019-04-15,Kryvyi Rih,1142
2019-07-31,Kyiv,1143
2019-10-30,Mykolaiv,1144
2019-02-18,Odesa,1145
2019-09-19,Kharkiv,1146
2019-10-17,Kryvyi Rih,1147
2019-01-20,Mykolaiv,1148
2019-06-11,Donetsk,1149
2019-03-03,Kharkiv,1150
2019-01-24,Mykolaiv,1151
2019-02-23,Zaporizhzhia,1152
2019-04-26,Kryvyi Rih,1153
2019-06-10,Dnipro,1154
2019-10-09,Donetsk,1155
2019-09-29,Kharkiv,1156
2019-11-12,Donetsk,1157
2019-06-08,Kyiv,1158
2019-08-14,Lviv,1159
2019-07-05,Kyiv,1160
2019-11-10,Zaporizhzhia,1161
2019-03-31,Lviv,1162
2019-10-02,Kharkiv,1163
2019-07-12,Kharkiv,1164
2019-06-14,Mykolaiv,1165
2019-02-21,Odesa,1166
2019-02-02,Kryvyi Rih,1167
2019-05-04,Mykolaiv,1168
2019-11-20,Lviv,1169
2019-01-20,Dnipro,1170
2019-09-19,Mykolaiv,1171
2019-03-27,Lviv,1172
2019-09-14,Donetsk,1173
2019-03-05,Mykolaiv,1174
2019-12-15,Lviv,1175
2019-12-20,Odesa,1176
2019-12-10,Lviv,1177
2019-07-17,Odesa,1178
2019-06-19,Mykolaiv,1179
2019-03-03,Donetsk,1180
2019-05-26,Mykolaiv,1181
2019-12-22,Donetsk,1182
2019-03-10,Odesa,1183
2019-11-02,Odesa,1184
2019-03-26,Donetsk,1185
2019-10-26,Mykolaiv,1186
2019-09-30,Zaporizhzhia,1187
2019-11-23,Mykolaiv,1188
2019-04-01,Dnipro,1189
2019-10-11,Odesa,1190
2019-04-10,Zaporizhzhia,1191
2019-06-22,Mykolaiv,1192
2019-09-05,Kyiv,1193
2019-02-14,Zaporizhzhia,1194
2019-10-20,Mykolaiv,1195
2019-11-29,Mykolaiv,1196
2019-12-05,Lviv,1197
2019-09-09,Kyiv,1198
2019-12-19,Dnipro,1199
2020-09-03,Kherson,1200
2020-01-21,Zhytomyr,1201
2020-07-22,Simferopol,1202
2020-11-16,Sumy,1203
2020-03-28,Dnipro,1204
2020-02-19,Cherkasy,1205
2020-06-24,Sumy,1206
2020-01-22,Lviv,1207
2020-09-09,Sevastopol,1208
2020-09-04,Chernivtsi,1209
2020-07-11,Zhytomyr,1210
2020-10-31,Vinnytsia,1211
2020-08-01,Simferopol,1212
2020-05-27,Kharkiv,1213
2020-05-26,Poltava,1214
2020-05-11,Ivano-Frankivsk,1215
2020-08-21,Cherkasy,1216
2020-07-22,Lviv,1217
2020-08-14,Mykolaiv,1218
2020-10-02,Ivano-Frankivsk,1219
2020-09-19,Vinnytsia,1220
2020-03-20,Dnipro,1221
2020-12-21,Sevastopol,1222
2020-04-22,Lviv,1223
2020-05-22,Horlivka,1224
2020-11-30,Poltava,1225
2020-02-23,Zhytomyr,1226
2020-07-21,Odesa,1227
2020-04-07,Poltava,1228
2020-01-24,Horlivka,1229
2020-03-19,Zhytomyr,1230
2020-12-17,Chernihiv,1231
2020-08-04,Simferopol,1232
2020-06-08,Sumy,1233
2020-04-21,Vinnytsia,1234
2020-11-08,Horlivka,1235
2020-08-14,Donetsk,1236
2020-08-30,Zaporizhzhia,1237
2020-01-05,Simferopol,1238
2020-09-05,Chernivtsi,1239
2020-12-21,Kyiv,1240
2020-04-29,Simferopol,1241
2020-08-01,Mariupol,1242
2020-05-25,Horlivka,1243
2020-02-17,Ivano-Frankivsk,1244
2020-12-27,Kherson,1245
2020-06-13,Cherkasy,1246
2020-01-13,Ivano-Frankivsk,1247
2020-12-15,Simferopol,1248
2020-01-09,Kyiv,1249
2020-02-17,Odesa,1250
2020-05-12,Dnipro,1251
2020-03-07,Sevastopol,1252
2020-08-06,Donetsk,1253
2020-05-05,Chernihiv,1254
2020-11-11,Zhytomyr,1255
2020-07-16,Makiivka,1256
2020-10-17,Kamianske,1257
2020-07-18,Luhansk,1258
2020-12-18,Kamianske,1259
2020-09-21,Zaporizhzhia,1260
2020-01-31,Cherkasy,1261
2020-09-20,Ivano-Frankivsk,1262
2020-04-10,Chernivtsi,1263
2020-07-08,Odesa,1264
2020-09-15,Zhytomyr,1265
2020-07-15,Khmelnytskyi,1266
2020-11-02,Odesa,1267
2020-12-26,Zhytomyr,1268
2020-06-07,Rivne,1269
2020-05-23,Kamianske,1270
2020-05-17,Luhansk,1271
2020-07-08,Sevastopol,1272
2020-01-10,Mykolaiv,1273
2020-11-17,Mariupol,1274
2020-03-01,Sevastopol,1275
2020-08-15,Horlivka,1276
2020-07-06,Dnipro,1277
2020-03-02,Kryvyi Rih,1278
2020-10-01,Kherson,1279
2020-02-13,Cherkasy,1280
2020-09-01,Kryvyi Rih,1281
2020-04-19,Ivano-Frankivsk,1282
2020-07-29,Kherson,1283
2020-05-22,Kharkiv,1284
2020-10-05,Kharkiv,1285
2020-10-07,Donetsk,1286
2020-04-18,Lviv,1287
2020-03-19,Kryvyi Rih,1288
2020-05-30,Sevastopol,1289
2020-05-22,Ivano-Frankivsk,1290
2020-09-14,Mariupol,1291
2020-08-24,Kharkiv,1292
2020-12-25,Zaporizhzhia,1293
2020-11-30,Cherkasy,1294
2020-05-02,Simferopol,1295
2020-01-07,Mariupol,1296
2020-10-30,Odesa,1297
2020-06-19,Horlivka,1298
2020-11-02,Chernivtsi,1299
2020-12-28,Mykolaiv,1300
2020-04-19,Rivne,1301
2020-09-09,Cherkasy,1302
2020-08-01,Kharkiv,1303
2020-02-21,Sevastopol,1304
2020-04-07,Kryvyi Rih,1305
2020-02-01,Kamianske,1306
2020-11-13,Chernivtsi,1307
2020-08-07,Mykolaiv,1308
2020-03-24,Dnipro,1309
2020-04-18,Kamianske,1310
2020-09-29,Ivano-Frankivsk,1311
2020-08-05,Zaporizhzhia,1312
2020-03-15,Chernivtsi,1313
2020-12-18,Mariupol,1314
2020-08-08,Chernihiv,1315
2020-05-30,Odesa,1316
2020-12-18,Rivne,1317
2020-01-31,Ivano-Frankivsk,1318
2020-04-09,Makiivka,1319
2020-01-31,Mariupol,1320
2020-09-01,Sumy,1321
2020-06-23,Ivano-Frankivsk,1322
2020-09-30,Mykolaiv,1323
2020-03-07,Lviv,1324
2020-04-21,Odesa,1325
2020-11-29,Kyiv,1326
2020-11-19,Kherson,1327
2020-06-17,Kamianske,1328
2020-03-04,Kharkiv,1329
2020-05-28,Horlivka,1330
2020-08-09,Sumy,1331
2020-07-16,Chernihiv,1332
2020-10-19,Dnipro,1333
2020-01-14,Zhytomyr,1334
2020-01-14,Donetsk,1335
2020-04-11,Dnipro,1336
2020-12-10,Lviv,1337
2020-06-12,Makiivka,1338
2020-11-09,Rivne,1339
2020-11-26,Kyiv,1340
2020-12-31,Rivne,1341
2020-02-27,Sumy,1342
2020-12-23,Mariupol,1343
2020-08-16,Sevastopol,1344
2020-11-15,Zaporizhzhia,1345
2020-12-12,Mariupol,1346
2020-07-07,Zhytomyr,1347
2020-08-25,Mariupol,1348
2020-03-15,Sumy,1349
2020-12-21,Sumy,1350
2020-10-25,Kherson,1351
2020-10-07,Odesa,1352
2020-01-15,Khmelnytskyi,1353
2020-01-13,Makiivka,1354
2020-12-04,Chernihiv,1355
2020-06-27,Makiivka,1356
2020-04-03,Kamianske,1357
2020-06-25,Kamianske,1358
2020-08-08,Odesa,1359
2020-10-07,Sevastopol,1360
2020-07-10,Simferopol,1361
2020-12-23,Kharkiv,1362
2020-10-30,Kryvyi Rih,1363
2020-01-10,Odesa,1364
2020-08-21,Khmelnytskyi,1365
2020-12-30,Khmelnytskyi,1366
2020-01-26,Horlivka,1367
2020-04-01,Sumy,1368
2020-11-13,Dnipro,1369
2020-10-04,Zhytomyr,1370
2020-09-28,Dnipro,1371
2020-03-04,Dnipro,1372
2020-04-16,Sumy,1373
2020-08-12,Poltava,1374
2020-12-04,Kharkiv,1375
2020-01-20,Chernihiv,1376
2020-10-01,Makiivka,1377
2020-02-08,Rivne,1378
2020-07-25,Sumy,1379
2020-06-22,Lviv,1380
2020-08-11,Zhytomyr,1381
2020-02-07,Mariupol,1382
2020-05-08,Simferopol,1383
2020-02-06,Zhytomyr,1384
2020-02-29,Kharkiv,1385
2020-09-08,Mykolaiv,1386
2020-12-19,Ivano-Frankivsk,1387
2020-05-07,Simferopol,1388
2020-05-08,Zaporizhzhia,1389
2020-12-15,Sevastopol,1390
2020-02-14,Simferopol,1391
2020-06-01,Dnipro,1392
2020-04-23,Zaporizhzhia,1393
2020-10-30,Chernihiv,1394
2020-06-14,Donetsk,1395
2020-07-26,Chernivtsi,1396
2020-04-25,Kherson,1397
2020-11-20,Horlivka,1398
2020-01-11,Sumy,1399
2020-05-14,Simferopol,1400
2020-12-04,Dnipro,1401
2020-03-06,Poltava,1402
2020-06-27,Lviv,1403
2020-07-11,Odesa,1404
2020-01-23,Mariupol,1405
2020-04-27,Kharkiv,1406
2020-12-10,Zaporizhzhia,1407
2020-03-21,Lviv,1408
2020-06-21,Simferopol,1409
2020-05-04,Chernivtsi,1410
2020-09-06,Sevastopol,1411
2020-02-15,Khmelnytskyi,1412
2020-01-17,Kharkiv,1413
2020-12-07,Donetsk,1414
2020-01-07,Simferopol,1415
2020-02-13,Vinnytsia,1416
2020-12-12,Zaporizhzhia,1417
2020-05-19,Makiivka,1418
2020-04-07,Rivne,1419
2020-08-11,Sevastopol,1420
2020-11-12,Luhansk,1421
2020-06-30,Kherson,1422
2020-04-23,Donetsk,1423
2020-03-09,Vinnytsia,1424
2020-11-27,Rivne,1425
2020-07-25,Zhytomyr,1426
2020-08-25,Sumy,1427
2020-09-03,Dnipro,1428
2020-03-30,Odesa,1429
2020-05-14,Vinnytsia,1430
2020-08-20,Zaporizhzhia,1431
2020-06-02,Khmelnytskyi,1432
2020-08-26,Sumy,1433
2020-08-20,Donetsk,1434
2020-12-04,Mariupol,1435
2020-07-27,Odesa,1436
2020-05-23,Khmelnytskyi,1437
2020-05-28,Makiivka,1438
2020-10-22,Cherkasy,1439
2020-02-07,Khmelnytskyi,1440
2020-01-21,Cherkasy,1441
2020-03-27,Donetsk,1442
2020-11-24,Zaporizhzhia,1443
2020-08-09,Dnipro,1444
2020-04-19,Chernihiv,1445
2020-08-18,Donetsk,1446
2020-05-24,Chernihiv,1447
2020-02-28,Sevastopol,1448
2020-01-14,Simferopol,1449
2020-11-14,Sevastopol,1450
2020-01-13,Odesa,1451
2020-07-25,Kamianske,1452
2020-08-22,Zhytomyr,1453
2020-07-20,Mariupol,1454
2020-10-19,Chernivtsi,1455
2020-03-23,Sevastopol,1456
2020-03-27,Zhytomyr,1457
2020-01-11,Mykolaiv,1458
2020-11-25,Lviv,1459
2020-10-17,Sumy,1460
2020-02-13,Zaporizhzhia,1461
2020-12-23,Donetsk,1462
2020-07-23,Simferopol,1463
2020-05-19,Kamianske,1464
2020-05-29,Vinnytsia,1465
2020-03-25,Chernihiv,1466
2020-01-01,Zaporizhzhia,1467
2020-07-28,Zaporizhzhia,1468
2020-10-05,Kryvyi Rih,1469
2020-04-20,Donetsk,1470
2020-08-09,Ivano-Frankivsk,1471
2020-03-17,Rivne,1472
2020-02-09,Donetsk,1473
2020-03-09,Sumy,1474
2020-05-14,Sumy,1475
2020-12-19,Mykolaiv,1476
2020-01-26,Chernihiv,1477
2020-05-16,Ivano-Frankivsk,1478
2020-08-12,Zaporizhzhia,1479
2020-10-26,Dnipro,1480
2020-04-23,Dnipro,1481
2020-10-14,Vinnytsia,1482
2020-12-16,Dnipro,1483
2020-12-14,Simferopol,1484
2020-08-03,Sevastopol,1485
2020-05-14,Kamianske,1486
2020-10-23,Lviv,1487
2020-03-26,Mariupol,1488
2020-02-27,Kryvyi Rih,1489
2020-01-21,Cherkasy,1490
2020-05-31,Kyiv,1491
2020-03-23,Rivne,1492
2020-06-28,Mykolaiv,1493
2020-05-23,Kyiv,1494
2020-10-05,Zhytomyr,1495
2020-12-17,Lviv,1496
2020-02-01,Cherkasy,1497
2020-05-19,Simferopol,1498
2020-03-03,Lviv,1499
2020-10-18,Kharkiv,1500
2020-03-05,Luhansk,1501
2020-07-11,Makiivka,1502
2020-04-02,Horlivka,1503
2020-12-14,Kyiv,1504
2020-03-22,Simferopol,1505
2020-12-17,Sumy,1506
2020-10-23,Lviv,1507
2020-01-30,Zaporizhzhia,1508
2020-04-08,Chernihiv,1509
2020-06-03,Ivano-Frankivsk,1510
2020-06-28,Zaporizhzhia,1511
2020-06-20,Sumy,1512
2020-05-07,Kherson,1513
2020-06-08,Cherkasy,1514
2020-03-19,Khmelnytskyi,1515
2020-05-02,Odesa,1516
2020-11-07,Cherkasy,1517
2020-05-21,Dnipro,1518
2020-04-23,Ivano-Frankivsk,1519
2020-10-11,Vinnytsia,1520
2020-01-25,Odesa,1521
2020-09-29,Odesa,1522
2020-01-06,Rivne,1523
2020-03-23,Donetsk,1524
2020-05-08,Poltava,1525
2020-08-11,Poltava,1526
2020-07-14,Khmelnytskyi,1527
2020-10-31,Odesa,1528
2020-10-02,Makiivka,1529
2020-05-06,Khmelnytskyi,1530
2020-04-05,Horlivka,1531
2020-01-30,Sevastopol,1532
2020-08-18,Rivne,1533
2020-04-16,Mariupol,1534
2020-02-25,Rivne,1535
2020-10-12,Kherson,1536
2020-03-30,Kryvyi Rih,1537
2020-12-10,Zhytomyr,1538
2020-11-21,Zaporizhzhia,1539
2020-10-29,Kamianske,1540
2020-05-29,Lviv,1541
2020-11-24,Cherkasy,1542
2020-01-30,Vinnytsia,1543
2020-06-27,Luhansk,1544
2020-12-14,Zaporizhzhia,1545
2020-02-23,Horlivka,1546
2020-01-16,Odesa,1547
2020-04-11,Mykolaiv,1548
2020-10-21,Mariupol,1549
2020-05-10,Rivne,1550
2020-06-17,Kharkiv,1551
2020-03-11,Odesa,1552
2020-06-22,Kyiv,1553
2020-03-29,Kharkiv,1554
2020-02-08,Rivne,1555
2020-03-30,Ivano-Frankivsk,1556
2020-09-04,Lviv,1557
2020-02-16,Mykolaiv,1558
2020-10-26,Rivne,1559
2020-04-07,Kharkiv,1560
2020-12-15,Makiivka,1561
2020-07-26,Mariupol,1562
2020-09-04,Kamianske,1563
2020-09-02,Vinnytsia,1564
2020-07-28,Kharkiv,1565
2020-07-01,Chernivtsi,1566
2020-09-16,Luhansk,1567
2020-08-29,Khmelnytskyi,1568
2020-06-07,Poltava,1569
2020-05-30,Khmelnytskyi,1570
2020-09-10,Vinnytsia,1571
2020-10-04,Kyiv,1572
2020-12-15,Kamianske,1573
2020-11-09,Ivano-Frankivsk,1574
2020-04-17,Kherson,1575
2020-06-06,Vinnytsia,1576
2020-09-27,Horlivka,1577
2020-07-24,Rivne,1578
2020-02-24,Kherson,1579
2020-10-26,Ivano-Frankivsk,1580
2020-04-20,Odesa,1581
2020-11-20,Sevastopol,1582
2020-11-24,Lviv,1583
2020-11-08,Sumy,1584
2020-06-17,Mariupol,1585
2020-02-19,Vinnytsia,1586
2020-05-17,Kryvyi Rih,1587
2020-09-21,Odesa,1588
2020-06-19,Kherson,1589
2020-08-26,Zaporizhzhia,1590
2020-08-17,Simferopol,1591
2020-10-02,Poltava,1592
2020-07-28,Makiivka,1593
2020-10-24,Kherson,1594
2020-03-26,Zaporizhzhia,1595
2020-05-31,Donetsk,1596
2020-11-30,Zhytomyr,1597
2020-11-18,Kherson,1598
2020-12-10,Makiivka,1599
2020-08-05,Kherson,1600
2020-08-22,Sumy,1601
2020-12-16,Kamianske,1602
2020-03-28,Dnipro,1603
2020-08-18,Khmelnytskyi,1604
2020-09-15,Luhansk,1605
2020-02-01,Horlivka,1606
2020-11-30,Kyiv,1607
2020-07-15,Mariupol,1608
2020-03-14,Makiivka,1609
2020-11-26,Cherkasy,1610
2020-03-13,Khmelnytskyi,1611
2020-08-02,Kyiv,1612
2020-08-29,Ivano-Frankivsk,1613
2020-04-10,Zhytomyr,1614
2020-03-10,Makiivka,1615
2020-01-16,Kamianske,1616
2020-09-08,Chernivtsi,1617
2020-11-29,Makiivka,1618
2020-11-29,Lviv,1619
2020-07-29,Kryvyi Rih,1620
2020-06-06,Chernivtsi,1621
2020-01-31,Mykolaiv,1622
2020-06-15,Rivne,1623
2020-08-17,Poltava,1624
2020-05-17,Lviv,1625
2020-05-23,Donetsk,1626
2020-08-20,Sevastopol,1627
2020-10-18,Cherkasy,1628
2020-12-26,Mariupol,1629
2020-02-19,Lviv,1630
2020-07-10,Zhytomyr,1631
2020-06-25,Mariupol,1632
2020-09-24,Rivne,1633
2020-08-19,Sevastopol,1634
2020-09-02,Odesa,1635
2020-10-14,Sevastopol,1636
2020-01-11,Sevastopol,1637
2020-04-29,Khmelnytskyi,1638
2020-03-08,Donetsk,1639
2020-09-03,Odesa,1640
2020-07-25,Simferopol,1641
2020-05-31,Poltava,1642
2020-12-02,Sevastopol,1643
2020-06-06,Luhansk,1644
2020-01-03,Simferopol,1645
2020-12-04,Chernihiv,1646
2020-05-26,Mariupol,1647
2020-12-13,Ivano-Frankivsk,1648
2020-03-08,Khmelnytskyi,1649
2020-02-20,Sevastopol,1650
2020-06-17,Zhytomyr,1651
2020-01-29,Kryvyi Rih,1652
2020-04-28,Sumy,1653
2020-10-31,Simferopol,1654
2020-09-29,Chernivtsi,1655
2020-12-23,Mykolaiv,1656
2020-01-03,Luhansk,1657
2020-09-09,Vinnytsia,1658
2020-04-16,Chernihiv,1659
2020-02-10,Odesa,1660
2020-07-04,Chernivtsi,1661
2020-08-22,Ivano-Frankivsk,1662
2020-07-19,Horlivka,1663
2020-01-20,Poltava,1664
2020-11-24,Chernihiv,1665
2020-09-02,Kyiv,1666
2020-01-07,Kyiv,1667
2020-12-19,Cherkasy,1668
2020-08-04,Kryvyi Rih,1669
2020-11-16,Kherson,1670
2020-04-22,Zhytomyr,1671
2020-05-05,Zhytomyr,1672
2020-05-18,Donetsk,1673
2020-05-26,Ivano-Frankivsk,1674
2020-05-31,Ivano-Frankivsk,1675
2020-09-11,Chernivtsi,1676
2020-11-10,Khmelnytskyi,1677
2020-07-19,Kamianske,1678
2020-08-02,Dnipro,1679
2020-02-15,Sumy,1680
2020-06-17,Chernivtsi,1681
2020-08-13,Sumy,1682
2020-10-07,Lviv,1683
2020-02-20,Cherkasy,1684
2020-08-05,Dnipro,1685
2020-11-18,Mariupol,1686
2020-05-05,Poltava,1687
2020-12-21,Sevastopol,1688
2020-10-27,Sumy,1689
2020-07-16,Dnipro,1690
2020-02-26,Lviv,1691
2020-05-22,Horlivka,1692
2020-08-04,Rivne,1693
2020-01-04,Kherson,1694
2020-06-19,Luhansk,1695
2020-04-02,Simferopol,1696
2020-09-20,Sevastopol,1697
2020-04-03,Kharkiv,1698
2020-05-19,Poltava,1699
2020-10-28,Khmelnytskyi,1700
2020-10-12,Zhytomyr,1701
2020-12-11,Zhytomyr,1702
2020-12-22,Chernihiv,1703
2020-09-03,Chernivtsi,1704
2020-12-04,Kamianske,1705
2020-07-06,Zhytomyr,1706
2020-11-22,Kamianske,1707
2020-05-25,Kharkiv,1708
2020-04-02,Mykolaiv,1709
2020-12-02,Chernivtsi,1710
2020-06-26,Luhansk,1711
2020-01-23,Lviv,1712
2020-02-21,Kherson,1713
2020-07-24,Donetsk,1714
2020-08-17,Odesa,1715
2020-06-24,Sevastopol,1716
2020-05-01,Kharkiv,1717
2020-12-29,Sevastopol,1718
2020-12-08,Ivano-Frankivsk,1719
2020-09-29,Cherkasy,1720
2020-11-13,Simferopol,1721
2020-07-23,Zhytomyr,1722
2020-11-10,Zhytomyr,1723
2020-01-20,Donetsk,1724
2020-10-28,Mariupol,1725
2020-05-05,Kharkiv,1726
2020-07-06,Zhytomyr,1727
2020-01-12,Donetsk,1728
2020-02-23,Mariupol,1729
2020-05-30,Makiivka,1730
2020-01-24,Rivne,1731
2020-12-19,Zaporizhzhia,1732
2020-07-17,Cherkasy,1733
2020-08-12,Mykolaiv,1734
2020-09-20,Makiivka,1735
2020-03-10,Kharkiv,1736
2020-08-05,Cherkasy,1737
2020-08-11,Cherkasy,1738
2020-01-12,Kyiv,1739
2020-05-24,Kamianske,1740
2020-11-06,Odesa,1741
2020-10-03,Vinnytsia,1742
2020-12-28,Cherkasy,1743
2020-12-07,Donetsk,1744
2020-03-18,Rivne,1745
2020-06-23,Makiivka,1746
2020-08-16,Mykolaiv,1747
2020-10-02,Vinnytsia,1748
2020-08-29,Lviv,1749
2020-09-01,Odesa,1750
2020-05-16,Horlivka,1751
2020-11-26,Kryvyi Rih,1752
2020-08-17,Dnipro,1753
2020-08-29,Cherkasy,1754
2020-10-30,Mykolaiv,1755
2020-02-06,Zaporizhzhia,1756
2020-07-27,Odesa,1757
2020-06-06,Rivne,1758
2020-01-28,Odesa,1759
2020-05-04,Lviv,1760
2020-10-17,Poltava,1761
2020-01-18,Horlivka,1762
2020-10-01,Chernihiv,1763
2020-11-17,Makiivka,1764
2020-02-08,Zaporizhzhia,1765
2020-02-09,Zaporizhzhia,1766
2020-06-07,Kryvyi Rih,1767
2020-09-17,Lviv,1768
2020-06-25,Sumy,1769
2020-02-02,Kyiv,1770
2020-12-21,Zhytomyr,1771
2020-05-04,Luhansk,1772
2020-12-01,Dnipro,1773
2020-10-04,Donetsk,1774
2020-04-29,Zhytomyr,1775
2020-01-07,Mariupol,1776
2020-05-14,Simferopol,1777
2020-12-25,Kyiv,1778
2020-09-22,Poltava,1779
2020-03-26,Vinnytsia,1780
2020-06-07,Mariupol,1781
2020-04-17,Khmelnytskyi,1782
2020-05-17,Sevastopol,1783
2020-06-01,Chernihiv,1784
2020-12-02,Luhansk,1785
2020-12-17,Odesa,1786
2020-02-02,Zaporizhzhia,1787
2020-07-14,Horlivka,1788
2020-07-12,Sevastopol,1789
2020-07-22,Zhytomyr,1790
2020-12-12,Cherkasy,1791
2020-12-30,Poltava,1792
2020-10-01,Chernihiv,1793
2020-07-06,Chernihiv,1794
2020-03-14,Lviv,1795
2020-07-10,Poltava,1796
2020-12-29,Kharkiv,1797
2020-05-13,Poltava,1798
2020-11-09,Mykolaiv,1799
2020-07-15,Kherson,1800
2020-03-18,Chernihiv,1801
2020-02-26,Chernivtsi,1802
2020-05-26,Kharkiv,1803
2020-03-01,Khmelnytskyi,1804
2020-11-24,Khmelnytskyi,1805
2020-03-08,Simferopol,1806
2020-08-09,Zaporizhzhia,1807
2020-05-20,Lviv,1808
2020-09-19,Odesa,1809
2020-08-23,Sumy,1810
2020-04-02,Makiivka,1811
2020-02-26,Zhytomyr,1812
2020-09-25,Kyiv,1813
2020-11-26,Odesa,1814
2020-06-23,Mykolaiv,1815
2020-02-22,Cherkasy,1816
2020-02-23,Lviv,1817
2020-04-12,Khmelnytskyi,1818
2020-12-14,Khmelnytskyi,1819
2020-10-14,Kamianske,1820
2020-03-06,Rivne,1821
2020-04-15,Simferopol,1822
2020-11-30,Cherkasy,1823
2020-12-28,Zhytomyr,1824
2020-08-01,Horlivka,1825
2020-06-18,Dnipro,1826
2020-05-20,Kharkiv,1827
2020-05-01,Vinnytsia,1828
2020-12-23,Kamianske,1829
2020-02-07,Kyiv,1830
2020-03-06,Makiivka,1831
2020-04-16,Poltava,1832
2020-02-10,Chernihiv,1833
2020-03-05,Donetsk,1834
2020-07-03,Sevastopol,1835
2020-08-17,Sevastopol,1836
2020-07-29,Zhytomyr,1837
2020-06-29,Mykolaiv,1838
2020-01-27,Zhytomyr,1839
2020-04-04,Horlivka,1840
2020-04-16,Odesa,1841
2020-01-04,Sevastopol,1842
2020-03-11,Kamianske,1843
2020-04-28,Horlivka,1844
2020-04-02,Kryvyi Rih,1845
2020-01-20,Chernihiv,1846
2020-12-01,Kyiv,1847
2020-07-05,Poltava,1848
2020-08-03,Kryvyi Rih,1849
2020-12-17,Ivano-Frankivsk,1850
2020-09-23,Donetsk,1851
2020-06-10,Chernihiv,1852
2020-06-06,Odesa,1853
2020-03-31,Odesa,1854
2020-07-12,Simferopol,1855
2020-03-18,Cherkasy,1856
2020-08-24,Sumy,1857
2020-10-28,Mariupol,1858
2020-12-29,Dnipro,1859
2020-08-30,Horlivka,1860
2020-05-26,Luhansk,1861
2020-01-30,Kryvyi Rih,1862
2020-11-02,Sumy,1863
2020-06-17,Sumy,1864
2020-11-02,Mykolaiv,1865
2020-07-13,Makiivka,1866
2020-02-24,Zhytomyr,1867
2020-12-16,Makiivka,1868
2020-09-24,Lviv,1869
2020-10-25,Vinnytsia,1870
2020-12-11,Donetsk,1871
2020-08-10,Kherson,1872
2020-12-24,Khmelnytskyi,1873
2020-09-03,Kharkiv,1874
2020-11-13,Kherson,1875
2020-12-29,Vinnytsia,1876
2020-03-28,Donetsk,1877
2020-12-02,Sevastopol,1878
2020-08-26,Zaporizhzhia,1879
2020-01-08,Odesa,1880
2020-09-02,Rivne,1881
2020-07-19,Zhytomyr,1882
2020-05-16,Sumy,1883
2020-03-17,Mykolaiv,1884
2020-06-30,Sevastopol,1885
2020-08-20,Luhansk,1886
2020-03-24,Kryvyi Rih,1887
2020-04-30,Kherson,1888
2020-12-01,Cherkasy,1889
2020-06-15,Chernivtsi,1890
2020-08-16,Chernivtsi,1891
2020-01-06,Kryvyi Rih,1892
2020-01-01,Zhytomyr,1893
2020-01-17,Zhytomyr,1894
2020-03-12,Mykolaiv,1895
2020-09-24,Odesa,1896
2020-12-04,Mykolaiv,1897
2020-07-01,Ivano-Frankivsk,1898
2020-05-23,Horlivka,1899
2020-06-08,Mykolaiv,1900
2020-04-06,Khmelnytskyi,1901
2020-05-26,Vinnytsia,1902
2020-04-05,Cherkasy,1903
2020-11-21,Zhytomyr,1904
2020-11-17,Zaporizhzhia,1905
2020-07-23,Kyiv,1906
2020-07-02,Chernivtsi,1907
2020-01-07,Zaporizhzhia,1908
2020-02-29,Khmelnytskyi,1909
2020-09-10,Mykolaiv,1910
2020-07-19,Kyiv,1911
2020-06-27,Mykolaiv,1912
2020-06-25,Lviv,1913
2020-03-04,Makiivka,1914
2020-09-29,Vinnytsia,1915
2020-03-18,Vinnytsia,1916
2020-11-29,Kryvyi Rih,1917
2020-01-01,Vinnytsia,1918
2020-12-20,Zhytomyr,1919
2020-06-19,Kryvyi Rih,1920
2020-03-16,Ivano-Frankivsk,1921
2020-01-11,Mariupol,1922
2020-01-12,Kamianske,1923
2020-05-12,Kamianske,1924
2020-03-03,Zaporizhzhia,1925
2020-05-30,Sumy,1926
2020-03-16,Vinnytsia,1927
2020-08-01,Ivano-Frankivsk,1928
2020-02-01,Khmelnytskyi,1929
2020-11-05,Kamianske,1930
2020-01-24,Sevastopol,1931
2020-01-02,Poltava,1932
2020-10-05,Mykolaiv,1933
2020-04-24,Makiivka,1934
2020-01-12,Donetsk,1935
2020-06-29,Chernihiv,1936
2020-07-15,Chernivtsi,1937
2020-10-14,Mariupol,1938
2020-01-10,Simferopol,1939
2020-06-21,Luhansk,1940
2020-01-19,Sumy,1941
2020-03-23,Sevastopol,1942
2020-07-01,Kryvyi Rih,1943
2020-01-26,Rivne,1944
2020-08-06,Kryvyi Rih,1945
2020-07-07,Donetsk,1946
2020-05-02,Sumy,1947
2020-02-18,Chernihiv,1948
2020-04-30,Rivne,1949
2020-08-04,Dnipro,1950
2020-07-30,Kyiv,1951
2020-09-16,Makiivka,1952
2020-06-30,Kyiv,1953
2020-09-05,Mykolaiv,1954
2020-08-11,Sumy,1955
2020-01-15,Lviv,1956
2020-02-06,Kyiv,1957
2020-04-25,Makiivka,1958
2020-11-25,Lviv,1959
2020-02-27,Dnipro,1960
2020-05-19,Poltava,1961
2020-11-11,Rivne,1962
2020-12-23,Zhytomyr,1963
2020-08-06,Vinnytsia,1964
2020-04-09,Mariupol,1965
2020-05-11,Zaporizhzhia,1966
2020-11-28,Simferopol,1967
2020-06-29,Makiivka,1968
2020-03-18,Dnipro,1969
2020-02-16,Rivne,1970
2020-01-02,Chernivtsi,1971
2020-02-11,Donetsk,1972
2020-09-15,Poltava,1973
2020-07-06,Ivano-Frankivsk,1974
2020-11-29,Odesa,1975
2020-07-13,Luhansk,1976
2020-10-02,Zaporizhzhia,1977
2020-11-24,Kherson,1978
2020-04-27,Kryvyi Rih,1979
2020-06-16,Kamianske,1980
2020-01-18,Makiivka,1981
2020-08-30,Sevastopol,1982
2020-09-02,Kamianske,1983
2020-12-14,Khmelnytskyi,1984
2020-04-12,Simferopol,1985
2020-11-12,Odesa,1986
2020-04-09,Sevastopol,1987
2020-09-06,Kryvyi Rih,1988
2020-12-01,Horlivka,1989
2020-11-21,Sevastopol,1990
2020-01-17,Chernihiv,1991
2020-06-04,Simferopol,1992
2020-11-05,Kharkiv,1993
2020-05-27,Kamianske,1994
2020-09-13,Vinnytsia,1995
2020-12-25,Zhytomyr,1996
2020-01-14,Kherson,1997
2020-04-20,Poltava,1998
2020-03-28,Sumy,1999
2020-03-02,Mariupol,2000
2020-10-25,Vinnytsia,2001
2020-04-14,Kharkiv,2002
2020-10-29,Kherson,2003
2020-02-18,Sumy,2004
2020-02-10,Chernivtsi,2005
2020-01-30,Zaporizhzhia,2006
2020-12-24,Zhytomyr,2007
2020-12-17,Dnipro,2008
2020-09-16,Ivano-Frankivsk,2009
2020-01-17,Chernihiv,2010
2020-07-04,Vinnytsia,2011
2020-08-24,Sumy,2012
2020-07-14,Sumy,2013
2020-11-17,Kharkiv,2014
2020-06-14,Kryvyi Rih,2015
2020-01-15,Chernihiv,2016
2020-01-08,Simferopol,2017
2020-11-25,Lviv,2018
2020-08-20,Kharkiv,2019
2020-01-21,Sevastopol,2020
2020-03-13,Kryvyi Rih,2021
2020-09-12,Sevastopol,2022
2020-06-22,Simferopol,2023
2020-08-16,Poltava,2024
2020-02-13,Sevastopol,2025
2020-07-15,Poltava,2026
2020-02-10,Lviv,2027
2020-05-19,Vinnytsia,2028
2020-06-08,Mariupol,2029
2020-05-14,Vinnytsia,2030
2020-04-23,Sevastopol,2031
2020-08-09,Lviv,2032
2020-04-01,Poltava,2033
2020-05-11,Mykolaiv,2034
2020-06-13,Ivano-Frankivsk,2035
2020-07-18,Dnipro,2036
2020-05-01,Poltava,2037
2020-02-11,Zhytomyr,2038
2020-05-22,Cherkasy,2039
2020-11-23,Zaporizhzhia,2040
2020-12-01,Horlivka,2041
2020-12-27,Cherkasy,2042
2020-02-02,Poltava,2043
2020-06-17,Luhansk,2044
2020-06-03,Cherkasy,2045
2020-10-27,Rivne,2046
2020-01-03,Simferopol,2047
2020-11-30,Lviv,2048
2020-06-06,Chernihiv,2049
2020-06-11,Mykolaiv,2050
2020-01-26,Simferopol,2051
2020-12-15,Chernihiv,2052
2020-04-02,Simferopol,2053
2020-05-13,Simferopol,2054
2020-06-09,Horlivka,2055
2020-02-21,Sevastopol,2056
2020-08-20,Poltava,2057
2020-02-29,Rivne,2058
2020-12-02,Kherson,2059
2020-12-22,Donetsk,2060
2020-11-04,Dnipro,2061
2020-08-12,Kryvyi Rih,2062
2020-09-02,Kryvyi Rih,2063
2020-10-07,Zhytomyr,2064
2020-08-01,Luhansk,2065
2020-10-23,Vinnytsia,2066
2020-12-21,Zaporizhzhia,2067
2020-01-20,Kamianske,2068
2020-03-30,Poltava,2069
2020-03-06,Sevastopol,2070
2020-11-15,Luhansk,2071
2020-06-18,Vinnytsia,2072
2020-12-18,Horlivka,2073
2020-05-27,Chernivtsi,2074
2020-09-17,Simferopol,2075
2020-08-18,Cherkasy,2076
2020-10-20,Kryvyi Rih,2077
2020-11-25,Cherkasy,2078
2020-10-05,Dnipro,2079
2020-07-12,Sumy,2080
2020-12-29,Chernihiv,2081
2020-07-03,Dnipro,2082
2020-09-30,Sevastopol,2083
2020-01-31,Kamianske,2084
2020-07-01,Ivano-Frankivsk,2085
2020-12-12,Kyiv,2086
2020-01-04,Lviv,2087
2020-05-06,Sumy,2088
2020-07-14,Vinnytsia,2089
2020-09-11,Odesa,2090
2020-03-28,Kryvyi Rih,2091
2020-11-19,Donetsk,2092
2020-12-14,Vinnytsia,2093
2020-11-29,Odesa,2094
2020-08-08,Kyiv,2095
2020-08-30,Lviv,2096
2020-06-14,Kyiv,2097
2020-08-25,Chernivtsi,2098
2020-08-26,Sevastopol,2099
2020-04-15,Kherson,2100
2020-01-26,Zhytomyr,2101
2020-12-18,Khmelnytskyi,2102
2020-10-04,Dnipro,2103
2020-12-01,Luhansk,2104
2020-03-28,Simferopol,2105
2020-12-26,Vinnytsia,2106
2020-03-29,Vinnytsia,2107
2020-11-16,Sevastopol,2108
2020-09-17,Kamianske,2109
2020-12-31,Zaporizhzhia,2110
2020-06-23,Makiivka,2111
2020-03-07,Donetsk,2112
2020-11-10,Kryvyi Rih,2113
2020-08-04,Luhansk,2114
2020-12-05,Poltava,2115
2020-06-04,Ivano-Frankivsk,2116
2020-09-16,Kherson,2117
2020-01-29,Kryvyi Rih,2118
2020-11-25,Zhytomyr,2119
2020-08-24,Dnipro,2120
2020-09-21,Sumy,2121
2020-01-14,Chernivtsi,2122
2020-10-25,Rivne,2123
2020-05-23,Kryvyi Rih,2124
2020-04-11,Kyiv,2125
2020-03-14,Poltava,2126
2020-07-20,Kherson,2127
2020-01-11,Poltava,2128
2020-03-22,Kharkiv,2129
2020-08-29,Kamianske,2130
2020-11-03,Cherkasy,2131
2020-11-16,Simferopol,2132
2020-02-10,Sumy,2133
2020-07-31,Mariupol,2134
2020-01-29,Kherson,2135
2020-08-15,Horlivka,2136
2020-03-07,Chernivtsi,2137
2020-01-19,Zaporizhzhia,2138
2020-02-21,Horlivka,2139
2020-09-06,Makiivka,2140
2020-06-04,Odesa,2141
2020-02-03,Makiivka,2142
2020-02-24,Simferopol,2143
2020-05-29,Chernivtsi,2144
2020-11-17,Chernivtsi,2145
2020-10-12,Mykolaiv,2146
2020-01-01,Khmelnytskyi,2147
2020-06-13,Vinnytsia,2148
2020-12-12,Donetsk,2149
2020-02-16,Donetsk,2150
2020-06-27,Makiivka,2151
2020-06-24,Kamianske,2152
2020-02-07,Makiivka,2153
2020-01-03,Chernihiv,2154
2020-01-03,Sumy,2155
2020-03-07,Simferopol,2156
2020-06-26,Poltava,2157
2020-12-27,Luhansk,2158
2020-12-20,Sumy,2159
2020-06-01,Luhansk,2160
2020-01-24,Mykolaiv,2161
2020-10-15,Lviv,2162
2020-08-02,Rivne,2163
2020-03-12,Kharkiv,2164
2020-05-18,Horlivka,2165
2020-10-02,Poltava,2166
2020-09-01,Makiivka,2167
2020-12-07,Zhytomyr,2168
2020-07-23,Sumy,2169
2020-11-20,Mykolaiv,2170
2020-09-19,Khmelnytskyi,2171
2020-11-12,Donetsk,2172
2020-03-10,Dnipro,2173
2020-04-01,Chernihiv,2174
2020-09-11,Vinnytsia,2175
2020-03-25,Donetsk,2176
2020-09-13,Vinnytsia,2177
2020-01-30,Rivne,2178
2020-10-08,Horlivka,2179
2020-07-17,Lviv,2180
2020-06-06,Mykolaiv,2181
2020-08-13,Khmelnytskyi,2182
2020-07-08,Vinnytsia,2183
2020-03-30,Zhytomyr,2184
2020-05-10,Zhytomyr,2185
2020-03-02,Odesa,2186
2020-07-02,Zhytomyr,2187
2020-10-16,Kherson,2188
2020-11-18,Lviv,2189
2020-11-16,Ivano-Frankivsk,2190
2020-07-01,Poltava,2191
2020-12-03,Zaporizhzhia,2192
2020-10-05,Kryvyi Rih,2193
2020-08-27,Odesa,2194
2020-07-20,Kamianske,2195
2020-04-28,Mykolaiv,2196
2020-02-14,Dnipro,2197
2020-03-06,Kryvyi Rih,2198
2020-08-27,Sevastopol,2199
2020-01-27,Simferopol,2200
2020-05-14,Vinnytsia,2201
2020-08-12,Kamianske,2202
2020-09-29,Luhansk,2203
2020-11-15,Rivne,2204
2020-04-22,Sevastopol,2205
2020-09-18,Zaporizhzhia,2206
2020-07-02,Cherkasy,2207
2020-10-26,Makiivka,2208
2020-05-01,Chernihiv,2209
2020-11-23,Kamianske,2210
2020-11-28,Khmelnytskyi,2211
2020-06-17,Luhansk,2212
2020-11-28,Sevastopol,2213
2020-03-31,Rivne,2214
2020-02-10,Zaporizhzhia,2215
2020-06-13,Vinnytsia,2216
2020-06-27,Poltava,2217
2020-09-29,Ivano-Frankivsk,2218
2020-07-06,Kharkiv,2219
2020-11-14,Cherkasy,2220
2020-09-28,Makiivka,2221
2020-08-15,Kyiv,2222
2020-04-06,Mariupol,2223
2020-12-11,Makiivka,2224
2020-11-02,Khmelnytskyi,2225
2020-10-25,Kryvyi Rih,2226
2020-04-26,Kyiv,2227
2020-08-23,Chernivtsi,2228
2020-11-04,Kherson,2229
2020-10-04,Mykolaiv,2230
2020-09-26,Kryvyi Rih,2231
2020-09-05,Kharkiv,2232
2020-01-08,Dnipro,2233
2020-05-19,Khmelnytskyi,2234
2020-03-30,Simferopol,2235
2020-12-21,Kyiv,2236
2020-03-20,Kyiv,2237
2020-08-19,Zaporizhzhia,2238
2020-05-31,Chernihiv,2239
2020-11-29,Poltava,2240
2020-02-01,Luhansk,2241
2020-03-11,Simferopol,2242
2020-09-05,Makiivka,2243
2020-06-13,Kryvyi Rih,2244
2020-09-12,Horlivka,2245
2020-10-18,Ivano-Frankivsk,2246
2020-06-19,Kryvyi Rih,2247
2020-07-12,Dnipro,2248
2020-11-11,Kryvyi Rih,2249
2020-08-19,Ivano-Frankivsk,2250
2020-02-07,Horlivka,2251
2020-05-10,Sevastopol,2252
2020-02-03,Khmelnytskyi,2253
2020-10-03,Poltava,2254
2020-02-06,Cherkasy,2255
2020-03-19,Kamianske,2256
2020-07-07,Mykolaiv,2257
2020-12-10,Sevastopol,2258
2020-08-20,Sumy,2259
2020-05-16,Horlivka,2260
2020-11-30,Makiivka,2261
2020-08-27,Khmelnytskyi,2262
2020-07-07,Kyiv,2263
2020-07-29,Luhansk,2264
2020-04-13,Cherkasy,2265
2020-09-25,Kamianske,2266
2020-08-02,Sumy,2267
2020-07-01,Kamianske,2268
2020-07-27,Mykolaiv,2269
2020-03-25,Khmelnytskyi,2270
2020-06-19,Rivne,2271
2020-12-19,Sevastopol,2272
2020-02-19,Luhansk,2273
2020-06-16,Makiivka,2274
2020-09-25,Kamianske,2275
2020-02-03,Horlivka,2276
2020-01-12,Khmelnytskyi,2277
2020-03-31,Kamianske,2278
2020-06-12,Mykolaiv,2279
2020-07-14,Lviv,2280
2020-05-20,Ivano-Frankivsk,2281
2020-06-21,Lviv,2282
2020-09-10,Mykolaiv,2283
2020-06-27,Dnipro,2284
2020-06-13,Donetsk,2285
2020-11-28,Cherkasy,2286
2020-12-18,Kyiv,2287
2020-03-17,Khmelnytskyi,2288
2020-10-24,Kamianske,2289
2020-05-19,Kamianske,2290
2020-06-09,Odesa,2291
2020-07-13,Ivano-Frankivsk,2292
2020-05-22,Zaporizhzhia,2293
2020-11-26,Makiivka,2294
2020-01-17,Zaporizhzhia,2295
2020-04-20,Sumy,2296
2020-05-16,Chernivtsi,2297
2020-07-30,Kherson,2298
2020-04-29,Chernihiv,2299
2020-02-02,Khmelnytskyi,2300
2020-08-28,Mykolaiv,2301
2020-11-04,Zaporizhzhia,2302
2020-12-25,Rivne,2303
2020-12-29,Sevastopol,2304
2020-11-06,Cherkasy,2305
2020-01-29,Sevastopol,2306
2020-05-01,Rivne,2307
2020-08-28,Simferopol,2308
2020-06-27,Kharkiv,2309
2020-12-26,Kamianske,2310
2020-10-04,Ivano-Frankivsk,2311
2020-08-08,Kherson,2312
2020-06-24,Cherkasy,2313
2020-02-01,Dnipro,2314
2020-08-05,Makiivka,2315
2020-02-22,Kryvyi Rih,2316
2020-04-11,Vinnytsia,2317
2020-05-19,Makiivka,2318
2020-04-10,Chernivtsi,2319
2020-01-14,Kyiv,2320
2020-11-30,Rivne,2321
2020-07-05,Odesa,2322
2020-08-02,Khmelnytskyi,2323
2020-10-03,Ivano-Frankivsk,2324
2020-02-24,Vinnytsia,2325
2020-06-22,Simferopol,2326
2020-06-14,Kharkiv,2327
2020-11-28,Poltava,2328
2020-11-19,Odesa,2329
2020-08-30,Vinnytsia,2330
2020-09-16,Kyiv,2331
2020-02-11,Dnipro,2332
2020-03-13,Poltava,2333
2020-11-14,Dnipro,2334
2020-12-19,Kamianske,2335
2020-05-04,Zaporizhzhia,2336
2020-03-02,Sumy,2337
2020-08-03,Odesa,2338
2020-09-17,Kherson,2339
2020-02-17,Donetsk,2340
2020-07-25,Chernivtsi,2341
2020-03-14,Dnipro,2342
2020-02-24,Horlivka,2343
2020-07-03,Horlivka,2344
2020-12-15,Poltava,2345
2020-06-22,Kamianske,2346
2020-06-18,Poltava,2347
2020-08-09,Odesa,2348
2020-10-10,Kyiv,2349
2020-10-24,Poltava,2350
2020-02-05,Poltava,2351
2020-09-18,Kherson,2352
2020-02-25,Kyiv,2353
2020-07-05,Kryvyi Rih,2354
2020-01-28,Kryvyi Rih,2355
2020-08-20,Mariupol,2356
2020-05-21,Simferopol,2357
2020-01-01,Mykolaiv,2358
2020-03-26,Lviv,2359
2020-06-17,Kryvyi Rih,2360
2020-06-20,Cherkasy,2361
2020-12-21,Sevastopol,2362
2020-06-16,Kherson,2363
2020-06-12,Zaporizhzhia,2364
2020-01-08,Mariupol,2365
2020-11-10,Poltava,2366
2020-01-09,Dnipro,2367
2020-11-08,Cherkasy,2368
2020-05-07,Kamianske,2369
2020-05-23,Cherkasy,2370
2020-04-13,Kamianske,2371
2020-07-30,Zhytomyr,2372
2020-02-29,Odesa,2373
2020-07-28,Mykolaiv,2374
2020-01-09,Ivano-Frankivsk,2375
2020-08-31,Chernivtsi,2376
2020-05-26,Kherson,2377
2020-07-19,Luhansk,2378
2020-11-11,Kryvyi Rih,2379
2020-08-30,Sevastopol,2380
2020-11-12,Chernivtsi,2381
2020-03-23,Chernihiv,2382
2020-04-04,Mykolaiv,2383
2020-11-20,Poltava,2384
2020-08-29,Chernivtsi,2385
2020-06-25,Kryvyi Rih,2386
2020-07-29,Mariupol,2387
2020-02-16,Odesa,2388
2020-07-27,Poltava,2389
2020-11-04,Chernivtsi,2390
2020-01-23,Horlivka,2391
2020-09-02,Donetsk,2392
2020-03-06,Mykolaiv,2393
2020-04-26,Kherson,2394
2020-06-07,Rivne,2395
2020-10-05,Makiivka,2396
2020-06-03,Sevastopol,2397
2020-03-19,Kharkiv,2398
2020-05-20,Lviv,2399
2020-10-06,Zhytomyr,2400
2020-08-19,Mykolaiv,2401
2020-07-10,Kharkiv,2402
2020-07-20,Lviv,2403
2020-06-03,Kharkiv,2404
2020-12-03,Mykolaiv,2405
2020-11-24,Simferopol,2406
2020-11-02,Chernivtsi,2407
2020-09-16,Dnipro,2408
2020-12-31,Horlivka,2409
2020-01-08,Mykolaiv,2410
2020-09-21,Ivano-Frankivsk,2411
2020-12-06,Mariupol,2412
2020-03-12,Lviv,2413
2020-12-04,Kherson,2414
2020-10-24,Zaporizhzhia,2415
2020-03-14,Simferopol,2416
2020-07-12,Sevastopol,2417
2020-03-08,Cherkasy,2418
2020-12-11,Mariupol,2419
2020-09-06,Makiivka,2420
2020-10-01,Chernivtsi,2421
2020-01-23,Mariupol,2422
2020-04-21,Kryvyi Rih,2423
2020-09-29,Kharkiv,2424
2020-07-23,Sumy,2425
2020-10-13,Mariupol,2426
2020-11-24,Kamianske,2427
2020-11-11,Chernihiv,2428
2020-07-08,Zaporizhzhia,2429
2020-11-01,Chernihiv,2430
2020-03-29,Kryvyi Rih,2431
2020-09-09,Kyiv,2432
2020-03-23,Zaporizhzhia,2433
2020-11-27,Luhansk,2434
2020-12-08,Sumy,2435
2020-03-11,Zaporizhzhia,2436
2020-03-11,Mykolaiv,2437
2020-01-27,Donetsk,2438
2020-07-07,Poltava,2439
2020-04-01,Makiivka,2440
2020-07-09,Rivne,2441
2020-06-24,Sevastopol,2442
2020-12-26,Kyiv,2443
2020-08-15,Chernivtsi,2444
2020-03-11,Zaporizhzhia,2445
2020-01-20,Cherkasy,2446
2020-07-19,Kherson,2447
2020-01-18,Kherson,2448
2020-06-19,Kryvyi Rih,2449
2020-12-06,Makiivka,2450
2020-09-07,Vinnytsia,2451
2020-07-12,Lviv,2452
2020-05-10,Kamianske,2453
2020-08-30,Kamianske,2454
2020-03-06,Makiivka,2455
2020-06-17,Kharkiv,2456
2020-01-19,Sumy,2457
2020-02-20,Sevastopol,2458
2020-10-05,Kherson,2459
2020-09-01,Zaporizhzhia,2460
2020-06-24,Kamianske,2461
2020-03-14,Luhansk,2462
2020-02-24,Zhytomyr,2463
2020-05-15,Mykolaiv,2464
2020-10-15,Donetsk,2465
2020-08-26,Chernivtsi,2466
2020-03-05,Chernivtsi,2467
2020-12-20,Dnipro,2468
2020-03-09,Simferopol,2469
2020-01-12,Makiivka,2470
2020-10-09,Zaporizhzhia,2471
2020-02-14,Mariupol,2472
2020-01-27,Luhansk,2473
2020-05-15,Ivano-Frankivsk,2474
2020-03-21,Kyiv,2475
2020-10-01,Makiivka,2476
2020-03-05,Donetsk,2477
2020-07-07,Cherkasy,2478
2020-11-21,Luhansk,2479
2020-03-05,Sumy,2480
2020-02-05,Makiivka,2481
2020-10-22,Sumy,2482
2020-07-21,Kamianske,2483
2020-04-10,Kherson,2484
2020-04-19,Khmelnytskyi,2485
2020-07-04,Zhytomyr,2486
2020-03-15,Khmelnytskyi,2487
2020-02-16,Poltava,2488
2020-08-24,Mykolaiv,2489
2020-05-19,Vinnytsia,2490
2020-10-22,Donetsk,2491
2020-10-02,Dnipro,2492
2020-01-23,Poltava,2493
2020-12-08,Khmelnytskyi,2494
2020-12-27,Horlivka,2495
2020-05-28,Kherson,2496
2020-07-30,Dnipro,2497
2020-03-16,Odesa,2498
2020-09-14,Mykolaiv,2499
2020-09-14,Rivne,2500
2020-01-30,Poltava,2501
2020-12-11,Kyiv,2502
2020-08-20,Kyiv,2503
2020-10-09,Kherson,2504
2020-09-16,Mykolaiv,2505
2020-04-20,Lviv,2506
2020-11-30,Zaporizhzhia,2507
2020-11-28,Chernivtsi,2508
2020-10-28,Mykolaiv,2509
2020-03-20,Odesa,2510
2020-06-01,Zaporizhzhia,2511
2020-09-10,Dnipro,2512
2020-03-09,Kryvyi Rih,2513
2020-05-08,Kamianske,2514
2020-05-02,Zaporizhzhia,2515
2020-09-18,Kyiv,2516
2020-09-17,Sevastopol,2517
2020-05-11,Sevastopol,2518
2020-03-29,Chernivtsi,2519
2020-03-07,Kherson,2520
2020-09-19,Ivano-Frankivsk,2521
2020-09-02,Mykolaiv,2522
2020-01-18,Mykolaiv,2523
2020-06-24,Donetsk,2524
2020-08-05,Horlivka,2525
2020-06-26,Sevastopol,2526
2020-12-08,Kherson,2527
2020-06-05,Simferopol,2528
2020-05-22,Zhytomyr,2529
2020-09-23,Chernihiv,2530
2020-03-08,Chernihiv,2531
2020-11-20,Kyiv,2532
2020-08-20,Cherkasy,2533
2020-10-21,Kamianske,2534
2020-12-25,Kharkiv,2535
2020-07-09,Vinnytsia,2536
2020-05-06,Sevastopol,2537
2020-05-11,Khmelnytskyi,2538
2020-01-15,Donetsk,2539
2020-11-13,Kamianske,2540
2020-03-20,Kamianske,2541
2020-06-25,Kamianske,2542
2020-08-11,Mariupol,2543
2020-10-31,Zaporizhzhia,2544
2020-04-06,Zhytomyr,2545
2020-09-09,Makiivka,2546
2020-10-24,Sumy,2547
2020-10-10,Luhansk,2548
2020-07-07,Zhytomyr,2549
2020-07-26,Zaporizhzhia,2550
2020-08-13,Rivne,2551
2020-11-15,Lviv,2552
2020-10-01,Ivano-Frankivsk,2553
2020-07-13,Kherson,2554
2020-04-16,Rivne,2555
2020-11-25,Lviv,2556
2020-07-23,Chernivtsi,2557
2020-01-01,Odesa,2558
2020-04-24,Luhansk,2559
2020-02-27,Khmelnytskyi,2560
2020-08-09,Sevastopol,2561
2020-10-01,Zhytomyr,2562
2020-11-21,Zhytomyr,2563
2020-04-20,Kamianske,2564
2020-05-25,Sevastopol,2565
2020-03-30,Donetsk,2566
2020-11-18,Sumy,2567
2020-08-09,Dnipro,2568
2020-05-07,Simferopol,2569
2020-07-24,Sumy,2570
2020-04-17,Donetsk,2571
2020-11-30,Odesa,2572
2020-04-19,Sumy,2573
2020-04-26,Zhytomyr,2574
2020-03-19,Kryvyi Rih,2575
2020-12-29,Lviv,2576
2020-04-30,Kyiv,2577
2020-01-14,Makiivka,2578
2020-03-08,Luhansk,2579
2020-06-05,Zhytomyr,2580
2020-09-27,Makiivka,2581
2020-05-07,Khmelnytskyi,2582
2020-02-12,Chernihiv,2583
2020-08-15,Zaporizhzhia,2584
2020-10-21,Lviv,2585
2020-01-12,Lviv,2586
2020-05-03,Chernivtsi,2587
2020-10-12,Zhytomyr,2588
2020-01-08,Kamianske,2589
2020-07-24,Donetsk,2590
2020-08-29,Sumy,2591
2020-06-01,Sevastopol,2592
2020-01-31,Zaporizhzhia,2593
2020-11-16,Sevastopol,2594
2020-09-25,Kamianske,2595
2020-04-23,Khmelnytskyi,2596
2020-08-02,Kamianske,2597
2020-02-10,Chernihiv,2598
2020-12-28,Rivne,2599
2020-09-28,Khmelnytskyi,2600
2020-04-10,Kyiv,2601
2020-12-11,Kyiv,2602
2020-04-22,Lviv,2603
2020-10-09,Khmelnytskyi,2604
2020-11-06,Kharkiv,2605
2020-12-17,Dnipro,2606
2020-03-25,Kamianske,2607
2020-12-27,Lviv,2608
2020-10-21,Poltava,2609
2020-07-15,Lviv,2610
2020-09-06,Donetsk,2611
2020-02-14,Kherson,2612
2020-05-23,Zaporizhzhia,2613
2020-10-05,Vinnytsia,2614
2020-01-04,Chernivtsi,2615
2020-03-19,Kyiv,2616
2020-08-31,Kyiv,2617
2020-07-09,Kamianske,2618
2020-05-24,Mariupol,2619
2020-11-08,Simferopol,2620
2020-06-29,Mariupol,2621
2020-02-01,Mykolaiv,2622
2020-06-02,Kamianske,2623
2020-07-26,Chernivtsi,2624
2020-02-08,Zhytomyr,2625
2020-11-21,Chernihiv,2626
2020-12-28,Mariupol,2627
2020-09-11,Kamianske,2628
2020-01-31,Khmelnytskyi,2629
2020-01-18,Poltava,2630
2020-03-03,Ivano-Frankivsk,2631
2020-12-05,Kamianske,2632
2020-02-24,Khmelnytskyi,2633
2020-04-28,Kryvyi Rih,2634
2020-06-15,Cherkasy,2635
2020-02-03,Dnipro,2636
2020-07-30,Odesa,2637
2020-08-31,Ivano-Frankivsk,2638
2020-06-12,Kyiv,2639
2020-12-02,Chernihiv,2640
2020-06-28,Vinnytsia,2641
2020-11-26,Vinnytsia,2642
2020-12-23,Sevastopol,2643
2020-04-16,Ivano-Frankivsk,2644
2020-07-02,Kherson,2645
2020-11-06,Kharkiv,2646
2020-12-31,Rivne,2647
2020-06-27,Kyiv,2648
2020-11-28,Mykolaiv,2649
2020-11-11,Zaporizhzhia,2650
2020-03-22,Kherson,2651
2020-04-28,Rivne,2652
2020-12-18,Chernihiv,2653
2020-07-28,Simferopol,2654
2020-05-26,Donetsk,2655
2020-07-31,Kamianske,2656
2020-11-01,Mariupol,2657
2020-10-20,Rivne,2658
2020-05-20,Lviv,2659
2020-10-07,Sevastopol,2660
2020-12-10,Sevastopol,2661
2020-05-08,Mariupol,2662
2020-10-28,Odesa,2663
2020-07-17,Vinnytsia,2664
2020-08-10,Sevastopol,2665
2020-11-28,Kherson,2666
2020-02-07,Kherson,2667
2020-04-08,Chernivtsi,2668
2020-12-03,Simferopol,2669
2020-10-07,Luhansk,2670
2020-11-28,Lviv,2671
2020-07-27,Sevastopol,2672
2020-06-30,Khmelnytskyi,2673
2020-02-15,Luhansk,2674
2020-02-11,Sevastopol,2675
2020-03-24,Horlivka,2676
2020-06-06,Dnipro,2677
2020-07-11,Mariupol,2678
2020-07-14,Zhytomyr,2679
2020-09-26,Khmelnytskyi,2680
2020-02-19,Lviv,2681
2020-03-01,Rivne,2682
2020-05-19,Donetsk,2683
2020-06-12,Zhytomyr,2684
2020-02-28,Sevastopol,2685
2020-10-15,Dnipro,2686
2020-02-26,Rivne,2687
2020-03-24,Dnipro,2688
2020-12-04,Cherkasy,2689
2020-09-05,Zhytomyr,2690
2020-02-28,Kyiv,2691
2020-12-22,Mariupol,2692
2020-01-18,Zaporizhzhia,2693
2020-12-07,Sevastopol,2694
2020-09-17,Rivne,2695
2020-09-28,Vinnytsia,2696
2020-05-19,Khmelnytskyi,2697
2020-08-27,Luhansk,2698
2020-11-14,Simferopol,2699
2020-01-07,Kyiv,2700
2020-06-18,Luhansk,2701
2020-11-11,Mykolaiv,2702
2020-08-29,Odesa,2703
2020-02-19,Sevastopol,2704
2020-12-09,Mariupol,2705
2020-06-19,Luhansk,2706
2020-12-19,Horlivka,2707
2020-01-05,Sumy,2708
2020-05-26,Chernihiv,2709
2020-07-14,Sevastopol,2710
2020-09-25,Kamianske,2711
2020-10-01,Luhansk,2712
2020-11-28,Dnipro,2713
2020-09-16,Poltava,2714
2020-10-01,Sumy,2715
2020-09-07,Dnipro,2716
2020-08-20,Simferopol,2717
2020-08-01,Ivano-Frankivsk,2718
2020-04-11,Kyiv,2719
2020-02-04,Mariupol,2720
2020-09-24,Kryvyi Rih,2721
2020-11-15,Cherkasy,2722
2020-10-17,Makiivka,2723
2020-03-20,Kryvyi Rih,2724
2020-03-17,Kamianske,2725
2020-12-16,Kryvyi Rih,2726
2020-07-11,Luhansk,2727
2020-04-07,Mykolaiv,2728
2020-02-25,Chernivtsi,2729
2020-08-13,Poltava,2730
2020-03-05,Odesa,2731
2020-07-15,Kryvyi Rih,2732
2020-12-11,Rivne,2733
2020-09-06,Mykolaiv,2734
2020-09-16,Lviv,2735
2020-05-13,Vinnytsia,2736
2020-04-09,Makiivka,2737
2020-10-22,Horlivka,2738
2020-10-24,Sevastopol,2739
2020-11-29,Khmelnytskyi,2740
2020-10-30,Zaporizhzhia,2741
2020-01-02,Vinnytsia,2742
2020-08-29,Donetsk,2743
2020-07-24,Zhytomyr,2744
2020-07-24,Chernihiv,2745
2020-01-31,Horlivka,2746
2020-05-24,Sumy,2747
2020-09-13,Khmelnytskyi,2748
2020-08-22,Ivano-Frankivsk,2749
2020-08-07,Zaporizhzhia,2750
2020-05-04,Cherkasy,2751
2020-05-26,Chernivtsi,2752
2020-02-15,Lviv,2753
2020-01-24,Kharkiv,2754
2020-12-01,Khmelnytskyi,2755
2020-04-24,Odesa,2756
2020-02-08,Vinnytsia,2757
2020-03-01,Kharkiv,2758
2020-03-14,Simferopol,2759
2020-12-10,Makiivka,2760
2020-08-01,Donetsk,2761
2020-03-23,Kyiv,2762
2020-10-26,Dnipro,2763
2020-06-11,Sumy,2764
2020-10-01,Kryvyi Rih,2765
2020-05-21,Vinnytsia,2766
2020-12-13,Kyiv,2767
2020-06-12,Kamianske,2768
2020-01-20,Chernihiv,2769
2020-04-13,Kamianske,2770
2020-06-16,Chernihiv,2771
2020-02-07,Lviv,2772
2020-12-07,Rivne,2773
2020-07-27,Simferopol,2774
2020-12-30,Mariupol,2775
2020-06-11,Zhytomyr,2776
2020-08-06,Kharkiv,2777
2020-06-27,Donetsk,2778
2020-10-30,Vinnytsia,2779
2020-02-17,Donetsk,2780
2020-06-28,Khmelnytskyi,2781
2020-11-17,Chernivtsi,2782
2020-12-09,Sevastopol,2783
2020-02-11,Kyiv,2784
2020-08-09,Dnipro,2785
2020-09-04,Kryvyi Rih,2786
2020-04-19,Poltava,2787
2020-12-21,Donetsk,2788
2020-01-20,Chernihiv,2789
2020-08-19,Vinnytsia,2790
2020-06-04,Zaporizhzhia,2791
2020-05-18,Khmelnytskyi,2792
2020-06-26,Kamianske,2793
2020-04-20,Sumy,2794
2020-09-21,Mariupol,2795
2020-10-24,Kharkiv,2796
2020-01-18,Ivano-Frankivsk,2797
2020-09-10,Mariupol,2798
2020-01-10,Rivne,2799
2020-03-20,Vinnytsia,2800
2020-07-08,Poltava,2801
2020-04-10,Kamianske,2802
2020-04-22,Donetsk,2803
2020-01-11,Sumy,2804
2020-06-27,Sumy,2805
2020-10-31,Zhytomyr,2806
2020-09-28,Poltava,2807
2020-05-27,Kherson,2808
2020-04-26,Ivano-Frankivsk,2809
2020-04-17,Ivano-Frankivsk,2810
2020-03-19,Khmelnytskyi,2811
2020-08-05,Odesa,2812
2020-03-15,Poltava,2813
2020-01-12,Poltava,2814
2020-06-09,Horlivka,2815
2020-01-07,Vinnytsia,2816
2020-01-08,Cherkasy,2817
2020-03-05,Lviv,2818
2020-08-05,Kamianske,2819
2020-05-25,Simferopol,2820
2020-03-19,Mykolaiv,2821
2020-12-14,Luhansk,2822
2020-08-31,Ivano-Frankivsk,2823
2020-06-23,Kryvyi Rih,2824
2020-10-13,Kryvyi Rih,2825
2020-10-25,Simferopol,2826
2020-04-18,Kharkiv,2827
2020-06-26,Lviv,2828
2020-10-22,Kryvyi Rih,2829
2020-07-13,Chernivtsi,2830
2020-11-02,Vinnytsia,2831
2020-01-27,Kharkiv,2832
2020-03-02,Lviv,2833
2020-06-02,Khmelnytskyi,2834
2020-10-26,Mariupol,2835
2020-09-01,Kyiv,2836
2020-05-19,Mariupol,2837
2020-08-04,Donetsk,2838
2020-01-16,Rivne,2839
2020-08-31,Donetsk,2840
2020-12-06,Poltava,2841
2020-09-13,Kharkiv,2842
2020-08-08,Kherson,2843
2020-06-07,Makiivka,2844
2020-11-14,Poltava,2845
2020-01-17,Khmelnytskyi,2846
2020-10-27,Zaporizhzhia,2847
2020-07-04,Dnipro,2848
2020-09-02,Chernivtsi,2849
2020-10-23,Kharkiv,2850
2020-01-28,Mykolaiv,2851
2020-04-04,Kryvyi Rih,2852
2020-01-22,Zhytomyr,2853
2020-07-02,Kyiv,2854
2020-04-01,Cherkasy,2855
2020-06-04,Cherkasy,2856
2020-03-12,Vinnytsia,2857
2020-11-07,Kyiv,2858
2020-02-03,Simferopol,2859
2020-06-04,Vinnytsia,2860
2020-02-25,Zhytomyr,2861
2020-11-07,Horlivka,2862
2020-08-22,Zhytomyr,2863
2020-11-29,Makiivka,2864
2020-07-03,Luhansk,2865
2020-01-30,Odesa,2866
2020-09-11,Sumy,2867
2020-11-17,Odesa,2868
2020-11-23,Kyiv,2869
2020-01-27,Simferopol,2870
2020-08-07,Chernihiv,2871
2020-01-14,Lviv,2872
2020-12-15,Simferopol,2873
2020-07-20,Sevastopol,2874
2020-12-22,Ivano-Frankivsk,2875
2020-09-11,Odesa,2876
2020-03-29,Odesa,2877
2020-08-10,Kherson,2878
2020-02-26,Luhansk,2879
2020-12-15,Chernihiv,2880
2020-08-07,Cherkasy,2881
2020-11-12,Kharkiv,2882
2020-12-07,Chernihiv,2883
2020-01-22,Simferopol,2884
2020-03-13,Dnipro,2885
2020-03-24,Simferopol,2886
2020-11-12,Donetsk,2887
2020-10-16,Makiivka,2888
2020-09-13,Mykolaiv,2889
2020-12-04,Chernivtsi,2890
2020-06-08,Ivano-Frankivsk,2891
2020-02-16,Horlivka,2892
2020-06-29,Simferopol,2893
2020-03-30,Kharkiv,2894
2020-05-10,Makiivka,2895
2020-09-17,Dnipro,2896
2020-08-14,Mariupol,2897
2020-05-10,Chernihiv,2898
2020-06-10,Kherson,2899
2020-06-17,Makiivka,2900
2020-05-06,Cherkasy,2901
2020-05-02,Vinnytsia,2902
2020-09-21,Mariupol,2903
2020-05-04,Chernihiv,2904
2020-11-16,Poltava,2905
2020-01-10,Kyiv,2906
2020-11-25,Kamianske,2907
2020-08-09,Mariupol,2908
2020-04-05,Kyiv,2909
2020-05-14,Mariupol,2910
2020-05-13,Lviv,2911
2020-09-03,Kherson,2912
2020-05-04,Kharkiv,2913
2020-07-10,Odesa,2914
2020-02-06,Dnipro,2915
2020-02-27,Cherkasy,2916
2020-03-21,Kryvyi Rih,2917
2020-03-19,Kryvyi Rih,2918
2020-09-07,Dnipro,2919
2020-10-17,Khmelnytskyi,2920
2020-09-07,Simferopol,2921
2020-03-01,Kamianske,2922
2020-08-26,Chernivtsi,2923
2020-12-24,Chernihiv,2924
2020-12-17,Cherkasy,2925
2020-01-03,Horlivka,2926
2020-02-15,Khmelnytskyi,2927
2020-09-07,Kryvyi Rih,2928
2020-12-24,Mariupol,2929
2020-02-12,Mykolaiv,2930
2020-08-10,Cherkasy,2931
2020-10-16,Luhansk,2932
2020-07-02,Chernivtsi,2933
2020-12-12,Kryvyi Rih,2934
2020-01-20,Ivano-Frankivsk,2935
2020-04-09,Dnipro,2936
2020-11-10,Poltava,2937
2020-11-20,Poltava,2938
2020-03-16,Vinnytsia,2939
2020-01-12,Poltava,2940
2020-04-25,Donetsk,2941
2020-07-20,Odesa,2942
2020-08-31,Donetsk,2943
2020-01-21,Sevastopol,2944
2020-09-20,Khmelnytskyi,2945
2020-10-09,Poltava,2946
2020-03-10,Dnipro,2947
2020-08-22,Chernihiv,2948
2020-09-20,Mykolaiv,2949
2020-06-03,Cherkasy,2950
2020-02-17,Kryvyi Rih,2951
2020-12-16,Sumy,2952
2020-08-31,Vinnytsia,2953
2020-12-02,Ivano-Frankivsk,2954
2020-02-14,Khmelnytskyi,2955
2020-05-22,Makiivka,2956
2020-04-28,Sumy,2957
2020-04-26,Odesa,2958
2020-01-03,Kyiv,2959
2020-04-12,Kyiv,2960
2020-11-12,Sumy,2961
2020-06-26,Donetsk,2962
2020-05-22,Horlivka,2963
2020-04-11,Kamianske,2964
2020-01-26,Mariupol,2965
2020-02-16,Vinnytsia,2966
2020-02-13,Kherson,2967
2020-01-28,Kherson,2968
2020-06-01,Simferopol,2969
2020-12-31,Cherkasy,2970
2020-04-28,Kherson,2971
2020-02-09,Simferopol,2972
2020-03-16,Sumy,2973
2020-02-24,Kharkiv,2974
2020-11-28,Zhytomyr,2975
2020-05-30,Sevastopol,2976
2020-06-15,Chernivtsi,2977
2020-07-21,Sevastopol,2978
2020-05-09,Horlivka,2979
2020-04-03,Sevastopol,2980
2020-12-05,Kamianske,2981
2020-04-18,Vinnytsia,2982
2020-06-26,Vinnytsia,2983
2020-09-13,Chernihiv,2984
2020-07-09,Ivano-Frankivsk,2985
2020-10-28,Cherkasy,2986
2020-03-22,Poltava,2987
2020-11-09,Lviv,2988
2020-12-27,Kamianske,2989
2020-01-06,Luhansk,2990
2020-02-29,Rivne,2991
2020-11-14,Makiivka,2992
2020-07-02,Odesa,2993
2020-03-30,Vinnytsia,2994
2020-05-30,Kryvyi Rih,2995
2020-07-16,Khmelnytskyi,2996
2020-01-11,Vinnytsia,2997
2020-10-23,Odesa,2998
2020-07-21,Simferopol,2999
2020-06-28,Makiivka,3000
2020-02-29,Vinnytsia,3001
2020-12-16,Dnipro,3002
2020-03-20,Donetsk,3003
2020-06-20,Kyiv,3004
2020-12-19,Kharkiv,3005
2020-11-01,Cherkasy,3006
2020-08-10,Kharkiv,3007
2020-08-07,Kamianske,3008
2020-07-29,Kherson,3009
2020-12-30,Horlivka,3010
2020-11-19,Lviv,3011
2020-12-02,Kherson,3012
2020-07-15,Horlivka,3013
2020-05-18,Chernivtsi,3014
2020-04-18,Horlivka,3015
2020-10-05,Mykolaiv,3016
2020-10-17,Lviv,3017
2020-10-17,Simferopol,3018
2020-03-15,Chernihiv,3019
2020-03-31,Kharkiv,3020
2020-03-06,Rivne,3021
2020-03-31,Kharkiv,3022
2020-03-08,Simferopol,3023
2020-02-15,Chernihiv,3024
2020-10-05,Odesa,3025
2020-08-12,Simferopol,3026
2020-09-16,Poltava,3027
2020-08-01,Zhytomyr,3028
2020-03-03,Odesa,3029
2020-06-30,Kherson,3030
2020-11-03,Vinnytsia,3031
2020-05-01,Zhytomyr,3032
2020-05-18,Cherkasy,3033
2020-09-09,Makiivka,3034
2020-01-29,Kamianske,3035
2020-03-21,Ivano-Frankivsk,3036
2020-03-28,Rivne,3037
2020-04-01,Chernivtsi,3038
2020-08-02,Vinnytsia,3039
2020-12-26,Poltava,3040
2020-12-16,Sumy,3041
2020-02-25,Kyiv,3042
2020-10-19,Khmelnytskyi,3043
2020-11-06,Horlivka,3044
2020-02-15,Kyiv,3045
2020-08-16,Vinnytsia,3046
2020-12-03,Chernihiv,3047
2020-05-06,Sevastopol,3048
2020-01-21,Makiivka,3049
2020-02-24,Mykolaiv,3050
2020-10-19,Mariupol,3051
2020-06-18,Lviv,3052
2020-06-23,Luhansk,3053
2020-01-30,Dnipro,3054
2020-10-12,Kyiv,3055
2020-08-23,Luhansk,3056
2020-11-14,Kyiv,3057
2020-11-12,Ivano-Frankivsk,3058
2020-10-26,Chernihiv,3059
2020-09-07,Lviv,3060
2020-11-06,Ivano-Frankivsk,3061
2020-12-29,Horlivka,3062
2020-08-05,Chernivtsi,3063
2020-12-05,Zhytomyr,3064
2020-02-03,Simferopol,3065
2020-02-07,Mariupol,3066
2020-06-03,Kyiv,3067
2020-11-06,Kharkiv,3068
2020-09-27,Chernivtsi,3069
2020-03-22,Zhytomyr,3070
2020-01-19,Kherson,3071
2020-10-28,Zaporizhzhia,3072
2020-01-11,Lviv,3073
2020-12-22,Luhansk,3074
2020-04-24,Makiivka,3075
2020-05-17,Chernihiv,3076
2020-11-05,Vinnytsia,3077
2020-04-11,Kamianske,3078
2020-05-13,Cherkasy,3079
2020-02-17,Zaporizhzhia,3080
2020-06-05,Sevastopol,3081
2020-07-07,Kherson,3082
2020-05-14,Poltava,3083
2020-03-12,Sumy,3084
2020-12-18,Simferopol,3085
2020-04-12,Cherkasy,3086
2020-07-21,Horlivka,3087
2020-12-26,Makiivka,3088
2020-05-02,Poltava,3089
2020-08-11,Zaporizhzhia,3090
2020-05-15,Luhansk,3091
2020-05-05,Mariupol,3092
2020-06-20,Chernihiv,3093
2020-12-08,Kryvyi Rih,3094
2020-07-08,Chernivtsi,3095
2020-03-31,Makiivka,3096
2020-07-02,Cherkasy,3097
2020-08-21,Lviv,3098
2020-05-22,Zaporizhzhia,3099
2020-10-01,Luhansk,3100
2020-09-06,Makiivka,3101
2020-09-06,Kyiv,3102
2020-09-13,Makiivka,3103
2020-02-12,Lviv,3104
2020-05-05,Sevastopol,3105
2020-02-02,Luhansk,3106
2020-03-23,Lviv,3107
2020-12-02,Ivano-Frankivsk,3108
2020-03-11,Horlivka,3109
2020-09-14,Luhansk,3110
2020-10-15,Kharkiv,3111
2020-06-25,Sumy,3112
2020-02-07,Kyiv,3113
2020-04-26,Odesa,3114
2020-10-28,Ivano-Frankivsk,3115
2020-04-06,Dnipro,3116
2020-02-08,Makiivka,3117
2020-03-01,Kamianske,3118
2020-06-22,Lviv,3119
2020-03-12,Rivne,3120
2020-04-20,Kherson,3121
2020-01-11,Makiivka,3122
2020-01-18,Kryvyi Rih,3123
2020-11-22,Khmelnytskyi,3124
2020-10-29,Sevastopol,3125
2020-05-25,Mykolaiv,3126
2020-02-01,Odesa,3127
2020-06-29,Vinnytsia,3128
2020-09-04,Chernivtsi,3129
2020-12-16,Poltava,3130
2020-09-17,Dnipro,3131
2020-01-02,Sumy,3132
2020-06-14,Sumy,3133
2020-10-24,Kharkiv,3134
2020-02-11,Luhansk,3135
2020-12-16,Rivne,3136
2020-12-04,Sumy,3137
2020-10-08,Kamianske,3138
2020-03-14,Vinnytsia,3139
2020-07-30,Zhytomyr,3140
2020-01-05,Donetsk,3141
2020-04-12,Kharkiv,3142
2020-02-15,Ivano-Frankivsk,3143
2020-04-01,Sevastopol,3144
2020-10-14,Odesa,3145
2020-05-27,Lviv,3146
2020-04-04,Makiivka,3147
2020-01-30,Dnipro,3148
2020-01-29,Zhytomyr,3149
2020-07-01,Ivano-Frankivsk,3150
2020-05-23,Cherkasy,3151
2020-11-02,Makiivka,3152
2020-12-26,Vinnytsia,3153
2020-02-27,Rivne,3154
2020-04-22,Kamianske,3155
2020-08-31,Dnipro,3156
2020-10-11,Odesa,3157
2020-09-24,Vinnytsia,3158
2020-04-13,Kherson,3159
2020-03-08,Simferopol,3160
2020-03-27,Zaporizhzhia,3161
2020-04-24,Luhansk,3162
2020-07-13,Poltava,3163
2020-10-28,Khmelnytskyi,3164
2020-08-17,Vinnytsia,3165
2020-01-16,Mykolaiv,3166
2020-10-30,Odesa,3167
2020-06-30,Vinnytsia,3168
2020-10-28,Horlivka,3169
2020-10-01,Chernivtsi,3170
2020-11-08,Rivne,3171
2020-02-12,Simferopol,3172
2020-09-03,Ivano-Frankivsk,3173
2020-08-19,Kherson,3174
2020-03-07,Mykolaiv,3175
2020-03-17,Odesa,3176
2020-03-26,Dnipro,3177
2020-08-24,Zhytomyr,3178
2020-06-06,Vinnytsia,3179
2020-12-31,Mykolaiv,3180
2020-09-02,Luhansk,3181
2020-10-06,Simferopol,3182
2020-12-01,Kamianske,3183
2020-01-24,Sumy,3184
2020-01-03,Zhytomyr,3185
2020-04-03,Kryvyi Rih,3186
2020-06-12,Kamianske,3187
2020-04-01,Makiivka,3188
2020-03-19,Chernihiv,3189
2020-05-23,Kamianske,3190
2020-09-30,Chernivtsi,3191
2020-07-27,Lviv,3192
2020-01-28,Odesa,3193
2020-05-24,Kamianske,3194
2020-07-23,Khmelnytskyi,3195
2020-07-25,Kharkiv,3196
2020-04-02,Odesa,3197
2020-07-14,Kamianske,3198
2020-11-22,Donetsk,3199
2020-03-15,Kamianske,3200
2020-06-10,Makiivka,3201
2020-04-26,Odesa,3202
2020-07-17,Rivne,3203
2020-12-30,Kryvyi Rih,3204
2020-06-12,Zaporizhzhia,3205
2020-04-02,Mariupol,3206
2020-07-14,Khmelnytskyi,3207
2020-08-31,Sevastopol,3208
2020-01-27,Zaporizhzhia,3209
2020-09-18,Donetsk,3210
2020-02-02,Chernihiv,3211
2020-11-12,Khmelnytskyi,3212
2020-06-10,Sevastopol,3213
2020-04-23,Zhytomyr,3214
2020-06-30,Odesa,3215
2020-06-09,Sevastopol,3216
2020-10-31,Sumy,3217
2020-04-08,Horlivka,3218
2020-03-22,Odesa,3219
2020-12-21,Mykolaiv,3220
2020-10-03,Kamianske,3221
2020-01-16,Rivne,3222
2020-04-24,Mariupol,3223
2020-05-15,Chernivtsi,3224
2020-03-07,Cherkasy,3225
2020-08-17,Zhytomyr,3226
2020-09-22,Zaporizhzhia,3227
2020-04-07,Rivne,3228
2020-12-04,Kyiv,3229
2020-04-24,Vinnytsia,3230
2020-11-30,Chernivtsi,3231
2020-08-08,Lviv,3232
2020-01-04,Khmelnytskyi,3233
2020-12-04,Cherkasy,3234
2020-09-27,Horlivka,3235
2020-02-26,Chernivtsi,3236
2020-06-21,Vinnytsia,3237
2020-01-29,Donetsk,3238
2020-03-27,Ivano-Frankivsk,3239
2020-11-03,Makiivka,3240
2020-07-04,Zaporizhzhia,3241
2020-10-15,Horlivka,3242
2020-06-09,Donetsk,3243
2020-04-07,Luhansk,3244
2020-08-27,Kamianske,3245
2020-01-28,Luhansk,3246
2020-08-03,Donetsk,3247
2020-05-22,Luhansk,3248
2020-08-23,Ivano-Frankivsk,3249
2020-06-16,Chernihiv,3250
2020-09-06,Chernihiv,3251
2020-02-08,Dnipro,3252
2020-11-21,Zaporizhzhia,3253
2020-01-28,Sevastopol,3254
2020-08-16,Ivano-Frankivsk,3255
2020-07-03,Makiivka,3256
2020-05-18,Mariupol,3257
2020-07-29,Kherson,3258
2020-02-11,Luhansk,3259
2020-09-06,Odesa,3260
2020-01-08,Rivne,3261
2020-02-07,Luhansk,3262
2020-02-04,Donetsk,3263
2020-10-07,Poltava,3264
2020-07-31,Donetsk,3265
2020-01-19,Simferopol,3266
2020-02-03,Odesa,3267
2020-07-11,Rivne,3268
2020-02-05,Simferopol,3269
2020-01-15,Poltava,3270
2020-10-06,Odesa,3271
2020-04-27,Khmelnytskyi,3272
2020-01-24,Luhansk,3273
2020-07-26,Kherson,3274
2020-11-03,Horlivka,3275
2020-08-20,Kherson,3276
2020-11-04,Chernihiv,3277
2020-10-18,Sevastopol,3278
2020-05-12,Kryvyi Rih,3279
2020-09-18,Donetsk,3280
2020-07-23,Chernihiv,3281
2020-06-06,Odesa,3282
2020-04-10,Simferopol,3283
2020-01-30,Dnipro,3284
2020-08-10,Donetsk,3285
2020-03-18,Kherson,3286
2020-11-12,Poltava,3287
2020-06-04,Kryvyi Rih,3288
2020-11-04,Poltava,3289
2020-02-04,Kharkiv,3290
2020-06-27,Khmelnytskyi,3291
2020-12-02,Rivne,3292
2020-10-22,Mykolaiv,3293
2020-08-12,Zaporizhzhia,3294
2020-10-28,Vinnytsia,3295
2020-12-05,Simferopol,3296
2020-02-25,Chernihiv,3297
2020-10-11,Sevastopol,3298
2020-08-20,Cherkasy,3299
2020-01-15,Cherkasy,3300
2020-10-10,Lviv,3301
2020-04-16,Kryvyi Rih,3302
2020-02-12,Kyiv,3303
2020-07-01,Kryvyi Rih,3304
2020-05-12,Cherkasy,3305
2020-11-25,Chernihiv,3306
2020-01-21,Kyiv,3307
2020-08-27,Zhytomyr,3308
2020-06-14,Kryvyi Rih,3309
2020-11-21,Luhansk,3310
2020-04-21,Kharkiv,3311
2020-02-27,Dnipro,3312
2020-04-24,Vinnytsia,3313
2020-12-01,Odesa,3314
2020-06-10,Horlivka,3315
2020-12-13,Donetsk,3316
2020-04-20,Kharkiv,3317
2020-05-15,Vinnytsia,3318
2020-02-06,Kamianske,3319
2020-12-30,Sevastopol,3320
2020-01-30,Mykolaiv,3321
2020-06-18,Luhansk,3322
2020-02-18,Rivne,3323
2020-11-13,Sevastopol,3324
2020-10-04,Simferopol,3325
2020-03-29,Luhansk,3326
2020-07-03,Sumy,3327
2020-11-06,Kamianske,3328
2020-11-14,Kamianske,3329
2020-08-20,Rivne,3330
2020-07-29,Kherson,3331
2020-10-01,Mariupol,3332
2020-07-30,Chernihiv,3333
2020-12-01,Kyiv,3334
2020-12-20,Odesa,3335
2020-07-17,Kherson,3336
2020-01-23,Rivne,3337
2020-05-16,Makiivka,3338
2020-09-19,Khmelnytskyi,3339
2020-03-25,Kryvyi Rih,3340
2020-01-25,Cherkasy,3341
2020-07-22,Simferopol,3342
2020-09-28,Horlivka,3343
2020-07-21,Kharkiv,3344
2020-08-12,Sumy,3345
2020-08-07,Ivano-Frankivsk,3346
2020-07-06,Chernihiv,3347
2020-09-29,Sevastopol,3348
2020-01-13,Vinnytsia,3349
2020-12-13,Cherkasy,3350
2020-09-28,Vinnytsia,3351
2020-02-03,Lviv,3352
2020-06-22,Simferopol,3353
2020-11-11,Kyiv,3354
2020-01-01,Dnipro,3355
2020-03-19,Kryvyi Rih,3356
2020-10-19,Lviv,3357
2020-10-29,Sevastopol,3358
2020-01-05,Horlivka,3359
2020-01-04,Odesa,3360
2020-07-02,Zaporizhzhia,3361
2020-09-26,Cherkasy,3362
2020-02-02,Chernivtsi,3363
2020-06-23,Sumy,3364
2020-11-27,Sumy,3365
2020-11-29,Lviv,3366
2020-08-07,Khmelnytskyi,3367
2020-07-07,Kherson,3368
2020-10-23,Horlivka,3369
2020-07-31,Vinnytsia,3370
2020-02-29,Kamianske,3371
2020-09-18,Poltava,3372
2020-10-10,Luhansk,3373
2020-04-29,Rivne,3374
2020-03-26,Chernihiv,3375
2020-06-14,Chernihiv,3376
2020-05-12,Vinnytsia,3377
2020-09-04,Rivne,3378
2020-03-01,Mykolaiv,3379
2020-06-06,Mykolaiv,3380
2020-09-12,Chernivtsi,3381
2020-05-22,Rivne,3382
2020-05-11,Kharkiv,3383
2020-03-06,Dnipro,3384
2020-07-29,Simferopol,3385
2020-10-13,Kamianske,3386
2020-03-30,Sumy,3387
2020-03-09,Makiivka,3388
2020-08-06,Mykolaiv,3389
2020-12-21,Kyiv,3390
2020-06-02,Luhansk,3391
2020-03-19,Kryvyi Rih,3392
2020-09-13,Poltava,3393
2020-04-04,Sevastopol,3394
2020-05-31,Mykolaiv,3395
2020-11-06,Zaporizhzhia,3396
2020-03-08,Vinnytsia,3397
2020-06-01,Mariupol,3398
2020-11-16,Mykolaiv,3399
2020-01-24,Lviv,3400
2020-09-25,Mariupol,3401
2020-06-29,Sevastopol,3402
2020-02-02,Chernivtsi,3403
2020-08-25,Vinnytsia,3404
2020-12-06,Mykolaiv,3405
2020-03-21,Rivne,3406
2020-02-27,Kherson,3407
2020-10-26,Vinnytsia,3408
2020-12-28,Kryvyi Rih,3409
2020-07-23,Dnipro,3410
2020-12-29,Odesa,3411
2020-10-17,Chernihiv,3412
2020-03-25,Kamianske,3413
2020-09-13,Sumy,3414
2020-12-14,Dnipro,3415
2020-07-19,Kamianske,3416
2020-02-10,Vinnytsia,3417
2020-07-07,Odesa,3418
2020-05-30,Khmelnytskyi,3419
2020-06-19,Chernihiv,3420
2020-02-21,Rivne,3421
2020-05-24,Sevastopol,3422
2020-10-14,Odesa,3423
2020-12-30,Ivano-Frankivsk,3424
2020-05-09,Mykolaiv,3425
2020-08-28,Simferopol,3426
2020-12-30,Zaporizhzhia,3427
2020-05-18,Lviv,3428
2020-02-12,Kryvyi Rih,3429
2020-12-27,Cherkasy,3430
2020-04-25,Dnipro,3431
2020-01-03,Makiivka,3432
2020-07-19,Sumy,3433
2020-03-12,Poltava,3434
2020-10-09,Odesa,3435
2020-03-15,Zaporizhzhia,3436
2020-09-01,Zhytomyr,3437
2020-01-05,Kyiv,3438
2020-12-07,Cherkasy,3439
2020-08-09,Odesa,3440
2020-10-01,Mykolaiv,3441
2020-11-12,Khmelnytskyi,3442
2020-12-25,Lviv,3443
2020-08-03,Khmelnytskyi,3444
2020-09-20,Zhytomyr,3445
2020-05-29,Sumy,3446
2020-11-06,Chernihiv,3447
2020-08-11,Sumy,3448
2020-05-22,Kharkiv,3449
2020-07-03,Mariupol,3450
2020-09-14,Chernivtsi,3451
2020-12-01,Kamianske,3452
2020-07-15,Kamianske,3453
2020-08-13,Chernivtsi,3454
2020-12-21,Lviv,3455
2020-11-25,Lviv,3456
2020-09-27,Poltava,3457
2020-08-03,Rivne,3458
2020-07-18,Poltava,3459
2020-05-07,Simferopol,3460
2020-01-27,Donetsk,3461
2020-01-18,Sevastopol,3462
2020-10-30,Luhansk,3463
2020-09-13,Lviv,3464
2020-05-05,Odesa,3465
2020-08-09,Kharkiv,3466
2020-01-25,Sevastopol,3467
2020-10-12,Mykolaiv,3468
2020-05-15,Zaporizhzhia,3469
2020-01-08,Simferopol,3470
2020-06-01,Horlivka,3471
2020-07-23,Mykolaiv,3472
2020-05-31,Makiivka,3473
2020-11-20,Cherkasy,3474
2020-10-24,Lviv,3475
2020-06-20,Simferopol,3476
2020-09-17,Lviv,3477
2020-11-15,Vinnytsia,3478
2020-05-18,Chernihiv,3479
2020-09-10,Luhansk,3480
2020-07-05,Rivne,3481
2020-11-23,Rivne,3482
2020-05-27,Chernivtsi,3483
2020-07-26,Mykolaiv,3484
2020-08-07,Simferopol,3485
2020-03-18,Khmelnytskyi,3486
2020-08-19,Kharkiv,3487
2020-07-05,Kharkiv,3488
2020-01-17,Chernihiv,3489
2020-01-05,Luhansk,3490
2020-11-02,Kherson,3491
2020-11-10,Kamianske,3492
2020-03-21,Chernivtsi,3493
2020-07-14,Poltava,3494
2020-12-19,Khmelnytskyi,3495
2020-12-17,Mykolaiv,3496
2020-08-06,Odesa,3497
2020-12-13,Poltava,3498
2020-07-22,Ivano-Frankivsk,3499
2020-10-07,Khmelnytskyi,3500
2020-01-27,Donetsk,3501
2020-06-22,Kamianske,3502
2020-12-17,Chernivtsi,3503
2020-12-20,Luhansk,3504
2020-09-28,Kherson,3505
2020-03-04,Poltava,3506
2020-07-30,Lviv,3507
2020-12-16,Chernivtsi,3508
2020-12-08,Khmelnytskyi,3509
2020-02-02,Ivano-Frankivsk,3510
2020-01-07,Lviv,3511
2020-07-15,Vinnytsia,3512
2020-02-22,Sumy,3513
2020-11-05,Simferopol,3514
2020-11-12,Chernivtsi,3515
2020-03-29,Kamianske,3516
2020-04-22,Kyiv,3517
2020-05-07,Kherson,3518
2020-06-09,Rivne,3519
2020-05-06,Sevastopol,3520
2020-03-05,Kherson,3521
2020-11-25,Poltava,3522
2020-11-13,Kamianske,3523
2020-03-14,Chernihiv,3524
2020-03-18,Kryvyi Rih,3525
2020-11-23,Mykolaiv,3526
2020-04-02,Donetsk,3527
2020-11-02,Sevastopol,3528
2020-06-24,Sevastopol,3529
2020-08-08,Kamianske,3530
2020-06-05,Kherson,3531
2020-08-21,Donetsk,3532
2020-06-12,Chernivtsi,3533
2020-05-14,Luhansk,3534
2020-04-22,Kherson,3535
2020-07-09,Kharkiv,3536
2020-09-08,Kherson,3537
2020-12-08,Mykolaiv,3538
2020-06-24,Luhansk,3539
2020-09-13,Luhansk,3540
2020-10-16,Makiivka,3541
2020-02-07,Mykolaiv,3542
2020-10-30,Mariupol,3543
2020-07-17,Horlivka,3544
2020-05-05,Donetsk,3545
2020-11-13,Mykolaiv,3546
2020-11-22,Cherkasy,3547
2020-07-17,Kherson,3548
2020-07-27,Zaporizhzhia,3549
2020-08-13,Ivano-Frankivsk,3550
2020-04-05,Odesa,3551
2020-03-11,Donetsk,3552
2020-10-27,Donetsk,3553
2020-03-06,Cherkasy,3554
2020-07-16,Kharkiv,3555
2020-09-23,Khmelnytskyi,3556
2020-03-13,Zaporizhzhia,3557
2020-04-08,Khmelnytskyi,3558
2020-04-05,Lviv,3559
2020-03-29,Poltava,3560
2020-02-07,Sumy,3561
2020-02-20,Kharkiv,3562
2020-10-20,Simferopol,3563
2020-12-01,Rivne,3564
2020-10-27,Horlivka,3565
2020-06-23,Dnipro,3566
2020-05-15,Donetsk,3567
2020-08-17,Ivano-Frankivsk,3568
2020-01-20,Rivne,3569
2020-07-20,Horlivka,3570
2020-01-30,Vinnytsia,3571
2020-04-01,Makiivka,3572
2020-10-13,Sumy,3573
2020-01-05,Zhytomyr,3574
2020-08-23,Donetsk,3575
2020-10-18,Kharkiv,3576
2020-09-16,Mykolaiv,3577
2020-02-17,Kamianske,3578
2020-10-29,Mariupol,3579
2020-08-13,Kherson,3580
2020-03-26,Odesa,3581
2020-01-14,Horlivka,3582
2020-06-12,Donetsk,3583
2020-05-13,Dnipro,3584
2020-06-08,Rivne,3585
2020-09-24,Poltava,3586
2020-12-11,Dnipro,3587
2020-04-01,Poltava,3588
2020-07-04,Cherkasy,3589
2020-02-24,Zhytomyr,3590
2020-11-10,Horlivka,3591
2020-03-15,Kamianske,3592
2020-06-10,Simferopol,3593
2020-07-20,Sumy,3594
2020-11-14,Kamianske,3595
2020-07-07,Cherkasy,3596
2020-02-20,Donetsk,3597
2020-06-10,Khmelnytskyi,3598
2020-06-30,Mykolaiv,3599
2020-12-06,Makiivka,3600
2020-04-12,Sumy,3601
2020-12-11,Odesa,3602
2020-04-17,Odesa,3603
2020-05-06,Chernivtsi,3604
2020-11-17,Kyiv,3605
2020-06-25,Kherson,3606
2020-11-27,Sumy,3607
2020-08-12,Zhytomyr,3608
2020-04-03,Kharkiv,3609
2020-03-23,Kryvyi Rih,3610
2020-07-01,Ivano-Frankivsk,3611
2020-11-05,Kyiv,3612
2020-01-14,Chernihiv,3613
2020-10-07,Ivano-Frankivsk,3614
2020-12-06,Lviv,3615
2020-05-19,Odesa,3616
2020-04-09,Kamianske,3617
2020-12-18,Mykolaiv,3618
2020-10-20,Donetsk,3619
2020-06-27,Chernivtsi,3620
2020-01-01,Chernihiv,3621
2020-08-26,Kharkiv,3622
2020-07-26,Donetsk,3623
2020-04-05,Donetsk,3624
2020-02-18,Zhytomyr,3625
2020-09-30,Mariupol,3626
2020-05-28,Makiivka,3627
2020-09-25,Poltava,3628
2020-01-12,Kharkiv,3629
2020-02-08,Vinnytsia,3630
2020-07-17,Dnipro,3631
2020-04-11,Vinnytsia,3632
2020-04-03,Kryvyi Rih,3633
2020-04-10,Chernivtsi,3634
2020-11-27,Chernivtsi,3635
2020-02-04,Mariupol,3636
2020-03-04,Kherson,3637
2020-05-29,Kyiv,3638
2020-10-24,Ivano-Frankivsk,3639
2020-06-15,Kharkiv,3640
2020-10-31,Lviv,3641
2020-08-17,Lviv,3642
2020-06-24,Sevastopol,3643
2020-03-30,Simferopol,3644
2020-09-18,Ivano-Frankivsk,3645
2020-12-23,Mariupol,3646
2020-06-15,Zhytomyr,3647
2020-06-11,Odesa,3648
2020-04-13,Zaporizhzhia,3649
2020-11-26,Cherkasy,3650
2020-10-01,Simferopol,3651
2020-03-27,Zaporizhzhia,3652
2020-03-28,Kharkiv,3653
2020-04-08,Vinnytsia,3654
2020-03-29,Poltava,3655
2020-01-27,Mykolaiv,3656
2020-10-03,Chernihiv,3657
2020-02-17,Dnipro,3658
2020-04-11,Rivne,3659
2020-03-29,Poltava,3660
2020-11-22,Rivne,3661
2020-07-08,Kyiv,3662
2020-07-16,Chernihiv,3663
2020-08-11,Odesa,3664
2020-01-21,Zaporizhzhia,3665
2020-01-30,Khmelnytskyi,3666
2020-12-25,Chernivtsi,3667
2020-09-06,Donetsk,3668
2020-10-01,Vinnytsia,3669
2020-12-12,Sevastopol,3670
2020-08-04,Mykolaiv,3671
2020-04-26,Kherson,3672
2020-01-30,Dnipro,3673
2020-11-07,Ivano-Frankivsk,3674
2020-05-29,Ivano-Frankivsk,3675
2020-09-15,Kharkiv,3676
2020-07-16,Luhansk,3677
2020-11-26,Kharkiv,3678
2020-12-21,Sevastopol,3679
2020-11-22,Mykolaiv,3680
2020-06-22,Khmelnytskyi,3681
2020-05-13,Makiivka,3682
2020-05-18,Luhansk,3683
2020-07-07,Donetsk,3684
2020-02-13,Poltava,3685
2020-02-20,Zaporizhzhia,3686
2020-11-30,Mariupol,3687
2020-03-22,Khmelnytskyi,3688
2020-10-05,Zaporizhzhia,3689
2020-09-21,Chernihiv,3690
2020-01-07,Kyiv,3691
2020-12-15,Zaporizhzhia,3692
2020-08-07,Sumy,3693
2020-09-01,Kherson,3694
2020-03-12,Odesa,3695
2020-10-26,Chernivtsi,3696
2020-08-15,Dnipro,3697
2020-01-08,Vinnytsia,3698
2020-09-06,Simferopol,3699
2020-01-19,Lviv,3700
2020-08-02,Odesa,3701
2020-03-16,Khmelnytskyi,3702
2020-11-04,Sumy,3703
2020-08-15,Horlivka,3704
2020-04-18,Odesa,3705
2020-08-16,Rivne,3706
2020-01-21,Kamianske,3707
2020-04-24,Horlivka,3708
2020-08-20,Kyiv,3709
2020-07-10,Ivano-Frankivsk,3710
2020-06-21,Mariupol,3711
2020-05-05,Makiivka,3712
2020-10-21,Cherkasy,3713
2020-11-23,Rivne,3714
2020-01-13,Kryvyi Rih,3715
2020-12-15,Khmelnytskyi,3716
2020-04-28,Simferopol,3717
2020-12-15,Kharkiv,3718
2020-10-09,Kherson,3719
2020-08-19,Kharkiv,3720
2020-01-24,Sevastopol,3721
2020-07-15,Kherson,3722
2020-09-06,Sumy,3723
2020-06-14,Ivano-Frankivsk,3724
2020-12-01,Khmelnytskyi,3725
2020-11-18,Lviv,3726
2020-07-30,Chernihiv,3727
2020-03-27,Donetsk,3728
2020-06-11,Sevastopol,3729
2020-03-07,Vinnytsia,3730
2020-10-19,Dnipro,3731
2020-09-02,Kharkiv,3732
2020-07-26,Mykolaiv,3733
2020-02-22,Mykolaiv,3734
2020-07-08,Chernihiv,3735
2020-10-29,Chernihiv,3736
2020-11-17,Sevastopol,3737
2020-07-18,Zhytomyr,3738
2020-06-23,Mariupol,3739
2020-12-18,Odesa,3740
2020-11-03,Zaporizhzhia,3741
2020-09-29,Ivano-Frankivsk,3742
2020-08-20,Ivano-Frankivsk,3743
2020-08-01,Lviv,3744
2020-02-13,Chernivtsi,3745
2020-07-31,Chernivtsi,3746
2020-01-04,Luhansk,3747
2020-03-20,Ivano-Frankivsk,3748
2020-08-22,Mariupol,3749
2020-01-02,Khmelnytskyi,3750
2020-04-10,Mariupol,3751
2020-05-26,Khmelnytskyi,3752
2020-03-25,Chernivtsi,3753
2020-12-01,Ivano-Frankivsk,3754
2020-07-28,Kharkiv,3755
2020-05-31,Mariupol,3756
2020-03-24,Zhytomyr,3757
2020-01-18,Donetsk,3758
2020-03-16,Ivano-Frankivsk,3759
2020-07-05,Khmelnytskyi,3760
2020-09-16,Luhansk,3761
2020-08-10,Mykolaiv,3762
2020-08-21,Kyiv,3763
2020-08-14,Kryvyi Rih,3764
2020-08-14,Zhytomyr,3765
2020-01-29,Kryvyi Rih,3766
2020-06-09,Kharkiv,3767
2020-01-31,Mariupol,3768
2020-07-18,Vinnytsia,3769
2020-02-16,Cherkasy,3770
2020-06-07,Cherkasy,3771
2020-12-13,Zhytomyr,3772
2020-04-01,Poltava,3773
2020-07-10,Odesa,3774
2020-01-14,Chernihiv,3775
2020-06-15,Horlivka,3776
2020-01-30,Donetsk,3777
2020-01-27,Lviv,3778
2020-04-26,Zhytomyr,3779
2020-11-07,Kherson,3780
2020-09-20,Dnipro,3781
2020-11-05,Kamianske,3782
2020-03-06,Kyiv,3783
2020-10-19,Kherson,3784
2020-01-10,Odesa,3785
2020-10-30,Kherson,3786
2020-04-04,Poltava,3787
2020-05-20,Ivano-Frankivsk,3788
2020-03-05,Chernihiv,3789
2020-01-23,Chernihiv,3790
2020-11-16,Lviv,3791
2020-01-03,Mykolaiv,3792
2020-07-02,Mariupol,3793
2020-11-26,Zaporizhzhia,3794
2020-09-10,Kamianske,3795
2020-12-06,Makiivka,3796
2020-11-27,Simferopol,3797
2020-12-22,Vinnytsia,3798
2020-04-30,Chernivtsi,3799
2020-03-08,Poltava,3800
2020-09-26,Kherson,3801
2020-02-17,Mykolaiv,3802
2020-08-14,Mykolaiv,3803
2020-05-22,Zhytomyr,3804
2020-11-06,Kyiv,3805
2020-02-07,Kamianske,3806
2020-05-17,Chernivtsi,3807
2020-12-29,Chernihiv,3808
2020-04-03,Zaporizhzhia,3809
2020-06-20,Kamianske,3810
2020-06-28,Luhansk,3811
2020-11-10,Poltava,3812
2020-02-20,Lviv,3813
2020-08-28,Sevastopol,3814
2020-09-11,Donetsk,3815
2020-03-22,Vinnytsia,3816
2020-12-20,Chernivtsi,3817
2020-03-31,Rivne,3818
2020-05-11,Poltava,3819
2020-02-10,Lviv,3820
2020-08-12,Poltava,3821
2020-09-13,Cherkasy,3822
2020-12-07,Chernivtsi,3823
2020-08-20,Cherkasy,3824
2020-08-02,Zhytomyr,3825
2020-01-16,Chernivtsi,3826
2020-10-05,Odesa,3827
2020-10-22,Makiivka,3828
2020-06-06,Makiivka,3829
2020-11-09,Khmelnytskyi,3830
2020-06-22,Kryvyi Rih,3831
2020-05-17,Horlivka,3832
2020-09-10,Ivano-Frankivsk,3833
2020-10-01,Odesa,3834
2020-11-19,Donetsk,3835
2020-11-03,Zhytomyr,3836
2020-07-27,Dnipro,3837
2020-11-28,Zaporizhzhia,3838
2020-03-25,Chernihiv,3839
2020-02-17,Chernivtsi,3840
2020-02-12,Zhytomyr,3841
2020-06-06,Luhansk,3842
2020-11-06,Makiivka,3843
2020-04-27,Luhansk,3844
2020-05-07,Kyiv,3845
2020-09-12,Chernihiv,3846
2020-10-07,Ivano-Frankivsk,3847
2020-05-23,Simferopol,3848
2020-05-30,Kherson,3849
2020-07-16,Kamianske,3850
2020-12-01,Mykolaiv,3851
2020-03-19,Zaporizhzhia,3852
2020-08-01,Ivano-Frankivsk,3853
2020-11-11,Kryvyi Rih,3854
2020-08-05,Rivne,3855
2020-12-19,Makiivka,3856
2020-02-14,Cherkasy,3857
2020-04-18,Lviv,3858
2020-12-04,Kharkiv,3859
2020-11-06,Poltava,3860
2020-01-10,Dnipro,3861
2020-11-12,Kyiv,3862
2020-04-15,Khmelnytskyi,3863
2020-02-20,Kyiv,3864
2020-05-29,Chernihiv,3865
2020-05-02,Luhansk,3866
2020-09-24,Mariupol,3867
2020-08-12,Poltava,3868
2020-01-14,Makiivka,3869
2020-12-07,Zhytomyr,3870
2020-05-09,Dnipro,3871
2020-07-20,Mykolaiv,3872
2020-06-18,Khmelnytskyi,3873
2020-09-11,Donetsk,3874
2020-09-03,Rivne,3875
2020-08-06,Luhansk,3876
2020-05-17,Mariupol,3877
2020-09-21,Chernihiv,3878
2020-09-30,Sevastopol,3879
2020-06-29,Cherkasy,3880
2020-01-16,Mariupol,3881
2020-12-08,Khmelnytskyi,3882
2020-01-03,Simferopol,3883
2020-09-28,Horlivka,3884
2020-06-25,Luhansk,3885
2020-02-06,Lviv,3886
2020-03-15,Cherkasy,3887
2020-05-17,Sumy,3888
2020-01-06,Kharkiv,3889
2020-04-26,Sevastopol,3890
2020-02-28,Sevastopol,3891
2020-10-15,Kyiv,3892
2020-04-06,Vinnytsia,3893
2020-10-13,Kherson,3894
2020-01-16,Luhansk,3895
2020-01-24,Mariupol,3896
2020-12-05,Rivne,3897
2020-01-16,Sumy,3898
2020-01-10,Ivano-Frankivsk,3899
